,Name,PosX,PosY,SystemType,SpectralType,Luminosity,SubType,SystemStatus,ChargingStation,Orbitals,Habitable,Cluster,ClusterOverlay,ClusterConstellation,PrimarySlot
0,DPR 0101,-137,889,Normal,M,V,7,Normal,None,Unspecified,Unspecified,None,None,None,1
1,DPR 0102,-162,894,Normal,M,V,5,Normal,None,Unspecified,Unspecified,None,None,None,1
2,DPR 0103,-187,899,Normal,M,V,0,Normal,None,Unspecified,Unspecified,None,None,None,1
3,DPR 0104,-212,904,Normal,M,V,1,Normal,None,Unspecified,Unspecified,None,None,None,1
4,DPR 0105,-237,909,Normal,M,V,0,Normal,None,Unspecified,Unspecified,None,None,None,1
5,DPR 0106,-262,914,Normal,F,V,8,Normal,None,Unspecified,Unspecified,None,None,None,1
6,DPR 0107,-287,919,Normal,M,V,3,Normal,None,Unspecified,Unspecified,None,None,None,1
7,DPR 0108,-312,924,Normal,M,V,9,Normal,None,Unspecified,Unspecified,None,None,None,1
8,DPR 0109,-337,929,Normal,K,V,6,Normal,None,Unspecified,Unspecified,None,None,None,1
9,DPR 0201,-725,1075,Normal,M,V,1,Normal,None,Unspecified,Unspecified,None,None,None,1
10,DPR 0202,-732,1048,Normal,M,V,9,Normal,None,Unspecified,Unspecified,None,None,None,1
11,DPR 0203,-739,1021,Normal,G,V,2,Normal,None,Unspecified,Unspecified,None,None,None,1
12,DPR 0204,-744,994,Normal,M,V,4,Normal,None,Unspecified,Unspecified,None,None,None,1
13,DPR 0205,-752,967,Normal,M,V,6,Normal,None,Unspecified,Unspecified,None,None,None,1
14,DPR 0301,-598,813,Normal,M,V,4,Normal,None,Unspecified,Unspecified,None,None,None,1
15,DPR 0302,-573,819,Normal,M,V,9,Normal,None,Unspecified,Unspecified,None,None,None,1
16,DPR 0303,-548,825,Normal,G,V,5,Normal,None,Unspecified,Unspecified,None,None,None,1
17,DPR 0304,-523,831,Normal,F,V,0,Normal,None,Unspecified,Unspecified,None,None,None,1
18,DPR 0305,-497,838,Normal,M,V,2,Normal,None,Unspecified,Unspecified,None,None,None,1
19,DPR 0306,-472,844,Normal,M,V,3,Normal,None,Unspecified,Unspecified,None,None,None,1
20,DPR 0307,-447,850,Normal,M,V,9,Normal,None,Unspecified,Unspecified,None,None,None,1
21,DPR 0308,-422,857,Normal,M,V,4,Normal,None,Unspecified,Unspecified,None,None,None,1
22,DPR 0309,-386,885,Normal,M,V,0,Normal,None,Unspecified,Unspecified,None,None,None,1
23,DPR 0310,-376,907,Normal,M,V,5,Normal,None,Unspecified,Unspecified,None,None,None,1
24,NC 01,-685,1120,Normal,G,V,6,Normal,None,Unspecified,Unspecified,None,None,None,1
25,DPR 0401,-425,395,Normal,M,V,2,Normal,None,Unspecified,Unspecified,None,None,None,1
26,DPR 0402,-445,416,Normal,M,V,9,Normal,None,Unspecified,Unspecified,None,None,None,1
27,DPR 0403,-465,437,Normal,F,V,3,Normal,None,Unspecified,Unspecified,None,None,None,1
28,DPR 0404,-485,458,Normal,M,V,1,Normal,None,Unspecified,Unspecified,None,None,None,1
29,DPR 0405,-505,479,Normal,M,V,7,Normal,None,Unspecified,Unspecified,None,None,None,1
30,DPR 0406,-525,500,Normal,M,V,3,Normal,None,Unspecified,Unspecified,None,None,None,1
31,DPR 0407,-545,521,Normal,M,V,7,Normal,None,Unspecified,Unspecified,None,None,None,1
32,DPR 0408,-565,542,Normal,G,V,3,Normal,None,Unspecified,Unspecified,None,None,None,1
33,DPR 0409,-585,563,Normal,M,V,6,Normal,None,Unspecified,Unspecified,None,None,None,1
34,DPR 0410,-605,584,Normal,M,V,9,Normal,None,Unspecified,Unspecified,None,None,None,1
35,DPR 0411,-625,605,Normal,M,V,9,Normal,None,Unspecified,Unspecified,None,None,None,1
36,DPR 0412,-645,626,Normal,M,V,5,Normal,None,Unspecified,Unspecified,None,None,None,1
37,DPR 0413,-665,647,Normal,M,V,6,Normal,None,Unspecified,Unspecified,None,None,None,1
38,HL 01,-686,650.6,Normal,M,V,1,Normal,None,Unspecified,Unspecified,None,None,None,1
39,HL 02,-701,664,Normal,M,V,7,Normal,None,Unspecified,Unspecified,None,None,None,1
40,HL 03,-690,690,Normal,M,V,4,Normal,None,Unspecified,Unspecified,None,None,None,1
41,HL 04,-655,686,Normal,M,V,8,Normal,None,Unspecified,Unspecified,None,None,None,1
42,HL 05,-650,708,Normal,M,V,8,Normal,None,Unspecified,Unspecified,None,None,None,1
43,HL 06,-650,750,Normal,G,V,4,Normal,None,Unspecified,Unspecified,None,None,None,1
44,HL 07,-636,785,Normal,G,V,5,Normal,None,Unspecified,Unspecified,None,None,None,1
45,HL 08,-625,820,Normal,A,V,8,Normal,None,Unspecified,Unspecified,None,None,None,1
46,HL 09,-655,841,Normal,M,V,1,Normal,None,Unspecified,Unspecified,None,None,None,1
47,HL 10,-690,828,Normal,M,V,5,Normal,None,Unspecified,Unspecified,None,None,None,1
48,HL 11,-676,795,Normal,M,V,8,Normal,None,Unspecified,Unspecified,None,None,None,1
49,HL 12,-695,735,Normal,M,V,5,Normal,None,Unspecified,Unspecified,None,None,None,1
50,HL 13,-710,755,Normal,F,V,5,Normal,None,Unspecified,Unspecified,None,None,None,1
51,HL 14,-710,794,Normal,M,V,3,Normal,None,Unspecified,Unspecified,None,None,None,1
52,HL 15,-742,755,Normal,M,V,1,Normal,None,Unspecified,Unspecified,None,None,None,1
53,HL 16,-727,671,Normal,M,V,5,Normal,None,Unspecified,Unspecified,None,None,None,1
54,HL 17,-756,707,Normal,M,V,3,Normal,None,Unspecified,Unspecified,None,None,None,1
55,HL 18,-781,735,Normal,M,V,2,Normal,None,Unspecified,Unspecified,None,None,None,1
56,HL 19,-744,784,Normal,M,V,3,Normal,None,Unspecified,Unspecified,None,None,None,1
57,HL 20,-762,793,Normal,G,V,7,Normal,None,Unspecified,Unspecified,None,None,None,1
58,HL 21,-772,819,Normal,M,V,0,Normal,None,Unspecified,Unspecified,None,None,None,1
59,HL 22,-802,807,Normal,K,V,7,Normal,None,Unspecified,Unspecified,None,None,None,1
60,HL 23,-838,794,Normal,M,V,9,Normal,None,Unspecified,Unspecified,None,None,None,1
61,HL 24,-840,835,Normal,M,V,8,Normal,None,Unspecified,Unspecified,None,None,None,1
62,HL 25,-835,868,Normal,M,V,8,Normal,None,Unspecified,Unspecified,None,None,None,1
63,HL 26,-701,861,Normal,K,V,1,Normal,None,Unspecified,Unspecified,None,None,None,1
64,HL 27,-770,859,Normal,M,V,4,Normal,None,Unspecified,Unspecified,None,None,None,1
65,HL 28,-755,890,Normal,K,V,3,Normal,None,Unspecified,Unspecified,None,None,None,1
66,HL 29,-805,880,Normal,G,V,8,Normal,None,Unspecified,Unspecified,None,None,None,1
67,HL 30,-835,915,Normal,M,V,1,Normal,None,Unspecified,Unspecified,None,None,None,1
68,HL 31,-745,915,Normal,M,V,1,Normal,None,Unspecified,Unspecified,None,None,None,1
69,HL 32,-775,940,Normal,M,V,5,Normal,None,Unspecified,Unspecified,None,None,None,1
70,HL 33,-815,940,Normal,M,V,2,Normal,None,Unspecified,Unspecified,None,None,None,1
71,DPR 0501,-169,791,Normal,M,V,7,Normal,None,Unspecified,Unspecified,None,None,None,1
72,DPR 0502,-196,781,Normal,K,V,7,Normal,None,Unspecified,Unspecified,None,None,None,1
73,DPR 0503,-223,770,Normal,F,V,1,Normal,None,Unspecified,Unspecified,None,None,None,1
74,DPR 0504,-267,738,Normal,M,V,3,Normal,None,Unspecified,Unspecified,None,None,None,1
75,DPR 0505,-283,716,Normal,M,V,2,Normal,None,Unspecified,Unspecified,None,None,None,1
76,DPR 0506,-300,667,Normal,M,V,2,Normal,None,Unspecified,Unspecified,None,None,None,1
77,DPR 0507,-274,634,Normal,M,V,4,Normal,None,Unspecified,Unspecified,None,None,None,1
78,DPR 0508,-247,628,Normal,K,V,3,Normal,None,Unspecified,Unspecified,None,None,None,1
79,DPR 0509,-220,622,Normal,K,V,8,Normal,None,Unspecified,Unspecified,None,None,None,1
80,DPR 0510,-193,616,Normal,M,V,6,Normal,None,Unspecified,Unspecified,None,None,None,1
81,DPR 0601,-46,976,Normal,M,V,0,Normal,None,Unspecified,Unspecified,None,None,None,1
82,DPR 0602,-20,969,Normal,M,V,6,Normal,None,Unspecified,Unspecified,None,None,None,1
83,DPR 0603,6,960,Normal,M,V,0,Normal,None,Unspecified,Unspecified,None,None,None,1
84,DPR 0604,32,951,Normal,M,V,4,Normal,None,Unspecified,Unspecified,None,None,None,1
85,DPR 0605,58,942,Normal,M,V,3,Normal,None,Unspecified,Unspecified,None,None,None,1
86,DPR 0606,84,933,Normal,M,V,0,Normal,None,Unspecified,Unspecified,None,None,None,1
87,DPR 0607,136,926,Normal,M,V,9,Normal,None,Unspecified,Unspecified,None,None,None,1
88,DPR 0608,163,932,Normal,M,V,9,Normal,None,Unspecified,Unspecified,None,None,None,1
89,DPR 0609,190,938,Normal,M,V,7,Normal,None,Unspecified,Unspecified,None,None,None,1
90,DPR 0610,217,944,Normal,M,V,0,Normal,None,Unspecified,Unspecified,None,None,None,1
91,DPR 0611,260,966,Normal,M,V,3,Normal,None,Unspecified,Unspecified,None,None,None,1
92,DPR 0612,276,986,Normal,M,V,0,Normal,None,Unspecified,Unspecified,None,None,None,1
93,DPR 0613,291,1005,Normal,M,V,8,Normal,None,Unspecified,Unspecified,None,None,None,1
94,DPR 0614,307,1025,Normal,M,V,5,Normal,None,Unspecified,Unspecified,None,None,None,1
95,DPR 0615,345,1029,Normal,K,V,2,Normal,None,Unspecified,Unspecified,None,None,None,1
96,DPR 0616,368,1014,Normal,M,V,2,Normal,None,Unspecified,Unspecified,None,None,None,1
97,DPR 0617,391,999,Normal,K,V,4,Normal,None,Unspecified,Unspecified,None,None,None,1
98,DPR 0618,414,984,Normal,M,V,9,Normal,None,Unspecified,Unspecified,None,None,None,1
99,DPR 0701,-79,698,Normal,M,V,1,Normal,None,Unspecified,Unspecified,None,None,None,1
100,DPR 0702,-54,713,Normal,M,V,3,Normal,None,Unspecified,Unspecified,None,None,None,1
101,DPR 0703,-29,728,Normal,M,V,1,Normal,None,Unspecified,Unspecified,None,None,None,1
102,DPR 0704,-4,743,Normal,M,V,7,Normal,None,Unspecified,Unspecified,None,None,None,1
103,DPR 0705,44,772,Normal,K,V,5,Normal,None,Unspecified,Unspecified,None,None,None,1
104,DPR 0706,65,790,Normal,M,V,1,Normal,None,Unspecified,Unspecified,None,None,None,1
105,DPR 0707,86,808,Normal,M,V,2,Normal,None,Unspecified,Unspecified,None,None,None,1
106,DPR 0708,107,826,Normal,G,V,5,Normal,None,Unspecified,Unspecified,None,None,None,1
107,DPR 0709,122,869,Normal,G,V,9,Normal,None,Unspecified,Unspecified,None,None,None,1
108,DPR 0710,116,894,Normal,M,V,9,Normal,None,Unspecified,Unspecified,None,None,None,1
109,DPR 0711,155,832,Normal,M,V,1,Normal,None,Unspecified,Unspecified,None,None,None,1
110,DPR 0712,181,821,Normal,M,V,6,Normal,None,Unspecified,Unspecified,None,None,None,1
111,DPR 0713,207,810,Normal,M,V,7,Normal,None,Unspecified,Unspecified,None,None,None,1
112,DPR 0714,234,799,Normal,M,V,1,Normal,None,Unspecified,Unspecified,None,None,None,1
113,ER 044,18,1745,Normal,M,V,7,Normal,None,Unspecified,Unspecified,None,None,None,1
114,ER 045,-82,1610,Normal,M,V,6,Normal,None,Unspecified,Unspecified,None,None,None,1
115,JF 01,575,510,Normal,M,V,6,Normal,None,Unspecified,Unspecified,None,None,None,1
116,JF 02,573,478,Normal,M,V,9,Normal,None,Unspecified,Unspecified,None,None,None,1
117,JF 03,595,525,Normal,M,V,9,Normal,None,Unspecified,Unspecified,None,None,None,1
118,KC 12,68,1746,Normal,M,V,1,Normal,None,Unspecified,Unspecified,None,None,None,1
119,KC 13,49,1817,Normal,M,V,2,Normal,None,Unspecified,Unspecified,None,None,None,1
120,KC 14,24,1862,Normal,M,V,3,Normal,None,Unspecified,Unspecified,None,None,None,1
121,KC 15,-35,1855,Normal,M,V,7,Normal,None,Unspecified,Unspecified,None,None,None,1
122,KC 16,-89,1823,Normal,M,V,0,Normal,None,Unspecified,Unspecified,None,None,None,1
123,KC 17,-110,1835,Normal,K,V,3,Normal,None,Unspecified,Unspecified,None,None,None,1
124,TFS 01,416,472,Normal,M,V,0,Normal,None,Unspecified,Unspecified,None,None,None,1
125,TFS 02,416,501,Normal,M,V,5,Normal,None,Unspecified,Unspecified,None,None,None,1
126,TFS 03,415,528,Normal,M,V,6,Normal,None,Unspecified,Unspecified,None,None,None,1
127,TFS 04,415,555,Normal,M,V,7,Normal,None,Unspecified,Unspecified,None,None,None,1
128,TFS 05,414,582,Normal,M,V,1,Normal,None,Unspecified,Unspecified,None,None,None,1
129,TFS 06,390,620,Normal,M,V,3,Normal,None,Unspecified,Unspecified,None,None,None,1
130,TFS 07,366,632,Normal,M,V,8,Normal,None,Unspecified,Unspecified,None,None,None,1
131,TFS 08,342,644,Normal,M,V,0,Normal,None,Unspecified,Unspecified,None,None,None,1
132,TFS 09,318,656,Normal,K,V,6,Normal,None,Unspecified,Unspecified,None,None,None,1
133,TFS 10,287,692,Normal,G,V,9,Normal,None,Unspecified,Unspecified,None,None,None,1
134,TFS 11,280,716,Normal,M,V,7,Normal,None,Unspecified,Unspecified,None,None,None,1
135,TFS 12,274,740,Normal,M,V,7,Normal,None,Unspecified,Unspecified,None,None,None,1
136,TFS 13,268,764,Normal,M,V,2,Normal,None,Unspecified,Unspecified,None,None,None,1
137,TFS 14,258,815,Normal,M,V,7,Normal,None,Unspecified,Unspecified,None,None,None,1
138,TFS 15,256,841,Normal,K,V,5,Normal,None,Unspecified,Unspecified,None,None,None,1
139,TFS 16,253,868,Normal,M,V,5,Normal,None,Unspecified,Unspecified,None,None,None,1
140,TFS 17,251,894,Normal,M,V,6,Normal,None,Unspecified,Unspecified,None,None,None,1
141,TFS 18,248,921,Normal,M,V,0,Normal,None,Unspecified,Unspecified,None,None,None,1
142,TFS 19,304,1064,Normal,M,V,1,Normal,None,Unspecified,Unspecified,None,None,None,1
143,TFS 20,285,1084,Normal,M,V,2,Normal,None,Unspecified,Unspecified,None,None,None,1
144,TFS 21,267,1104,Normal,K,V,2,Normal,None,Unspecified,Unspecified,None,None,None,1
145,TFS 22,248,1124,Normal,M,V,0,Normal,None,Unspecified,Unspecified,None,None,None,1
146,TFS 23,230,1144,Normal,M,V,6,Normal,None,Unspecified,Unspecified,None,None,None,1
147,TFS 24,204,1192,Normal,M,V,1,Normal,None,Unspecified,Unspecified,None,None,None,1
148,TFS 25,197,1220,Normal,M,V,4,Normal,None,Unspecified,Unspecified,None,None,None,1
149,TFS 26,191,1248,Normal,M,V,1,Normal,None,Unspecified,Unspecified,None,None,None,1
150,TFS 27,185,1276,Normal,M,V,7,Normal,None,Unspecified,Unspecified,None,None,None,1
151,TFS 28,179,1304,Normal,A,V,2,Normal,None,Unspecified,Unspecified,None,None,None,1
152,TFS 29,173,1332,Normal,M,V,2,Normal,None,Unspecified,Unspecified,None,None,None,1
153,TFS 30,167,1360,Normal,M,V,5,Normal,None,Unspecified,Unspecified,None,None,None,1
154,TFS 31,161,1388,Normal,M,V,6,Normal,None,Unspecified,Unspecified,None,None,None,1
155,TFS 32,155,1416,Normal,G,V,6,Normal,None,Unspecified,Unspecified,None,None,None,1
156,TFS 33,149,1444,Normal,M,V,0,Normal,None,Unspecified,Unspecified,None,None,None,1
157,TFS 34,143,1472,Normal,K,V,9,Normal,None,Unspecified,Unspecified,None,None,None,1
158,TFS 35,137,1500,Normal,M,V,2,Normal,None,Unspecified,Unspecified,None,None,None,1
159,TFS 36,131,1528,Normal,K,V,2,Normal,None,Unspecified,Unspecified,None,None,None,1
160,TFS 37,125,1556,Normal,G,V,8,Normal,None,Unspecified,Unspecified,None,None,None,1
161,TFS 38,119,1584,Normal,G,V,0,Normal,None,Unspecified,Unspecified,None,None,None,1
162,TFS 39,113,1612,Normal,M,V,5,Normal,None,Unspecified,Unspecified,None,None,None,1
163,TFS 40,107,1640,Normal,M,V,7,Normal,None,Unspecified,Unspecified,None,None,None,1
164,TFS 41,101,1668,Normal,M,V,8,Normal,None,Unspecified,Unspecified,None,None,None,1
165,TFS 42,95,1696,Normal,K,V,2,Normal,None,Unspecified,Unspecified,None,None,None,1
166,ER 001,-82,530,Normal,M,V,1,Normal,None,Unspecified,Unspecified,None,None,None,1
167,ER 002,-86,555,Normal,M,V,2,Normal,None,Unspecified,Unspecified,None,None,None,1
168,ER 003,-90,580,Normal,M,V,0,Normal,None,Unspecified,Unspecified,None,None,None,1
169,ER 004,-94,605,Normal,M,V,3,Normal,None,Unspecified,Unspecified,None,None,None,1
170,ER 005,-98,630,Normal,G,V,8,Normal,None,Unspecified,Unspecified,None,None,None,1
171,ER 006,-102,655,Normal,G,V,6,Normal,None,Unspecified,Unspecified,None,None,None,1
172,ER 007,-112,708,Normal,M,V,9,Normal,None,Unspecified,Unspecified,None,None,None,1
173,ER 008,-120,733,Normal,M,V,6,Normal,None,Unspecified,Unspecified,None,None,None,1
174,ER 009,-128,758,Normal,M,V,1,Normal,None,Unspecified,Unspecified,None,None,None,1
175,ER 010,-136,783,Normal,M,V,9,Normal,None,Unspecified,Unspecified,None,None,None,1
176,ER 011,-134,822,Normal,M,V,2,Normal,None,Unspecified,Unspecified,None,None,None,1
177,ER 012,-126,842,Normal,G,V,6,Normal,None,Unspecified,Unspecified,None,None,None,1
178,ER 013,-118,862,Normal,M,V,2,Normal,None,Unspecified,Unspecified,None,None,None,1
179,ER 014,-102,909,Normal,M,V,1,Normal,None,Unspecified,Unspecified,None,None,None,1
180,ER 015,-92,934,Normal,G,V,9,Normal,None,Unspecified,Unspecified,None,None,None,1
181,ER 016,-82,959,Normal,M,V,9,Normal,None,Unspecified,Unspecified,None,None,None,1
182,ER 017,-92,1005,Normal,G,V,9,Normal,None,Unspecified,Unspecified,None,None,None,1
183,ER 018,-112,1025,Normal,M,V,6,Normal,None,Unspecified,Unspecified,None,None,None,1
184,ER 019,-116,1065,Normal,M,V,8,Normal,None,Unspecified,Unspecified,None,None,None,1
185,ER 020,-117,1093,Normal,M,V,0,Normal,None,Unspecified,Unspecified,None,None,None,1
186,ER 021,-117,1122,Normal,M,V,0,Normal,None,Unspecified,Unspecified,None,None,None,1
187,ER 022,-118,1150,Normal,M,V,9,Normal,None,Unspecified,Unspecified,None,None,None,1
188,ER 023,-118,1179,Normal,M,V,9,Normal,None,Unspecified,Unspecified,None,None,None,1
189,ER 024,-119,1207,Normal,M,V,1,Normal,None,Unspecified,Unspecified,None,None,None,1
190,ER 025,-119,1236,Normal,G,V,8,Normal,None,Unspecified,Unspecified,None,None,None,1
191,ER 026,-120,1264,Normal,M,V,0,Normal,None,Unspecified,Unspecified,None,None,None,1
192,ER 027,-121,1293,Normal,M,V,3,Normal,None,Unspecified,Unspecified,None,None,None,1
193,ER 028,-122,1321,Normal,M,V,4,Normal,None,Unspecified,Unspecified,None,None,None,1
194,ER 029,-122,1350,Normal,M,V,7,Normal,None,Unspecified,Unspecified,None,None,None,1
195,ER 030,-123,1378,Normal,M,V,4,Normal,None,Unspecified,Unspecified,None,None,None,1
196,ER 031,-123,1407,Normal,F,V,3,Normal,None,Unspecified,Unspecified,None,None,None,1
197,ER 032,-124,1436,Normal,M,V,3,Normal,None,Unspecified,Unspecified,None,None,None,1
198,ER 033,-124,1465,Normal,M,V,5,Normal,None,Unspecified,Unspecified,None,None,None,1
199,ER 034,-124,1494,Normal,K,V,4,Normal,None,Unspecified,Unspecified,None,None,None,1
200,ER 035,-124,1523,Normal,M,V,8,Normal,None,Unspecified,Unspecified,None,None,None,1
201,ER 036,-124,1552,Normal,M,V,7,Normal,None,Unspecified,Unspecified,None,None,None,1
202,ER 037,-124,1581,Normal,M,V,8,Normal,None,Unspecified,Unspecified,None,None,None,1
203,ER 038,-96,1625,Normal,M,V,4,Normal,None,Unspecified,Unspecified,None,None,None,1
204,ER 039,-76,1645,Normal,A,V,0,Normal,None,Unspecified,Unspecified,None,None,None,1
205,ER 040,-56,1665,Normal,M,V,2,Normal,None,Unspecified,Unspecified,None,None,None,1
206,ER 041,-36,1685,Normal,M,V,4,Normal,None,Unspecified,Unspecified,None,None,None,1
207,ER 042,-16,1705,Normal,M,V,4,Normal,None,Unspecified,Unspecified,None,None,None,1
208,ER 043,4,1725,Normal,M,V,6,Normal,None,Unspecified,Unspecified,None,None,None,1
209,KC 01,2,1777,Normal,M,V,8,Normal,None,Unspecified,Unspecified,None,None,None,1
210,KC 02,-40,1814,Normal,M,V,0,Normal,None,Unspecified,Unspecified,None,None,None,1
211,KC 03,0,1900,Normal,M,V,8,Normal,None,Unspecified,Unspecified,None,None,None,1
212,KC 04,-45,1883,Normal,M,V,5,Normal,None,Unspecified,Unspecified,None,None,None,1
213,KC 05,47,1860,Normal,M,V,5,Normal,None,Unspecified,Unspecified,None,None,None,1
214,KC 06,62,1827,Normal,K,V,3,Normal,None,Unspecified,Unspecified,None,None,None,1
215,KC 07,68,1776,Normal,M,V,8,Normal,None,Unspecified,Unspecified,None,None,None,1
216,KC 08,95,1780,Normal,M,V,3,Normal,None,Unspecified,Unspecified,None,None,None,1
217,KC 09,101,1763,Normal,M,V,4,Normal,None,Unspecified,Unspecified,None,None,None,1
218,KC 10,88,1725,Normal,M,V,1,Normal,None,Unspecified,Unspecified,None,None,None,1
219,KC 11,128,1736,Normal,M,V,3,Normal,None,Unspecified,Unspecified,None,None,None,1
220,NP 00,-163,543,Normal,M,V,0,Normal,None,Unspecified,Unspecified,None,None,None,1
221,NP 01,-396,354,Normal,K,V,8,Normal,None,Unspecified,Unspecified,None,None,None,1
222,NP 02,-555,132,Normal,M,V,1,Normal,None,Unspecified,Unspecified,None,None,None,1
223,NP 03,-580,134,Normal,M,V,9,Normal,None,Unspecified,Unspecified,None,None,None,1
224,NP 04,-495,-116,Normal,M,V,6,Normal,None,Unspecified,Unspecified,None,None,None,1
225,NP 05,-458,-193,Normal,M,V,2,Normal,None,Unspecified,Unspecified,None,None,None,1
226,NP 06,-475,-275,Normal,G,V,6,Normal,None,Unspecified,Unspecified,None,None,None,1
227,NP 07,-453,-366,Normal,M,V,9,Normal,None,Unspecified,Unspecified,None,None,None,1
228,NP 08,-375,-390,Normal,M,V,8,Normal,None,Unspecified,Unspecified,None,None,None,1
229,NP 09,-351,-417,Normal,M,V,1,Normal,None,Unspecified,Unspecified,None,None,None,1
230,NP 10,-352,-447,Normal,M,V,9,Normal,None,Unspecified,Unspecified,None,None,None,1
231,NP 11,-381,-483,Normal,M,V,1,Normal,None,Unspecified,Unspecified,None,None,None,1
232,NP 12,-364,-374,Normal,M,V,2,Normal,None,Unspecified,Unspecified,None,None,None,1
233,NP 13,-344,-377,Normal,M,V,3,Normal,None,Unspecified,Unspecified,None,None,None,1
234,NP 14,-305,-383,Normal,M,V,2,Normal,None,Unspecified,Unspecified,None,None,None,1
235,NP 15,-255,-458,Normal,M,V,7,Normal,None,Unspecified,Unspecified,None,None,None,1
236,NP 16,-265,-500,Normal,K,V,4,Normal,None,Unspecified,Unspecified,None,None,None,1
237,NP 17,-283,-539,Normal,M,V,0,Normal,None,Unspecified,Unspecified,None,None,None,1
238,NP 18,-287,-564,Normal,K,V,1,Normal,None,Unspecified,Unspecified,None,None,None,1
239,NP 19,-214,-458,Normal,M,V,8,Normal,None,Unspecified,Unspecified,None,None,None,1
240,NP 20,-173,-477,Normal,K,V,0,Normal,None,Unspecified,Unspecified,None,None,None,1
241,NP 21,-235,-530,Normal,M,V,2,Normal,None,Unspecified,Unspecified,None,None,None,1
242,NP 22,-47,-503,Normal,K,V,0,Normal,None,Unspecified,Unspecified,None,None,None,1
243,NP 23,4,-471,Normal,K,V,7,Normal,None,Unspecified,Unspecified,None,None,None,1
244,NP 24,35,-495,Normal,K,V,4,Normal,None,Unspecified,Unspecified,None,None,None,1
245,NP 25,95,-487,Normal,M,V,4,Normal,None,Unspecified,Unspecified,None,None,None,1
246,NP 26,213,-484,Normal,G,V,9,Normal,None,Unspecified,Unspecified,None,None,None,1
247,NP 27,225,-500,Normal,M,V,1,Normal,None,Unspecified,Unspecified,None,None,None,1
248,NP 28,269,-430,Normal,M,V,5,Normal,None,Unspecified,Unspecified,None,None,None,1
249,NP 29,291,-453,Normal,K,V,3,Normal,None,Unspecified,Unspecified,None,None,None,1
250,NP 30,339,-451,Normal,M,V,3,Normal,None,Unspecified,Unspecified,None,None,None,1
251,NP 31,417,-417,Normal,M,V,5,Normal,None,Unspecified,Unspecified,None,None,None,1
252,NP 32,379,-457,Normal,M,V,7,Normal,None,Unspecified,Unspecified,None,None,None,1
253,NP 33,414,-487,Normal,K,V,0,Normal,None,Unspecified,Unspecified,None,None,None,1
254,NP 34,451,-478,Normal,M,V,5,Normal,None,Unspecified,Unspecified,None,None,None,1
255,NP 35,366,-397,Normal,M,V,7,Normal,None,Unspecified,Unspecified,None,None,None,1
256,NP 36,425,-455,Normal,M,V,6,Normal,None,Unspecified,Unspecified,None,None,None,1
257,NP 37,519,-282,Normal,M,V,4,Normal,None,Unspecified,Unspecified,None,None,None,1
258,NP 38,541,-295,Normal,M,V,8,Normal,None,Unspecified,Unspecified,None,None,None,1
259,NP 39,560,-275,Normal,M,V,5,Normal,None,Unspecified,Unspecified,None,None,None,1
260,NP 40,683,-107,Normal,M,V,1,Normal,None,Unspecified,Unspecified,None,None,None,1
261,NP 41,660,-108,Normal,M,V,8,Normal,None,Unspecified,Unspecified,None,None,None,1
262,NP 42,563,-308,Normal,M,V,7,Normal,None,Unspecified,Unspecified,None,None,None,1
263,NP 43,585,-321,Normal,M,V,7,Normal,None,Unspecified,Unspecified,None,None,None,1
264,NP 44,607,-334,Normal,G,V,3,Normal,None,Unspecified,Unspecified,None,None,None,1
265,NP 45,608,-212,Normal,K,V,1,Normal,None,Unspecified,Unspecified,None,None,None,1
266,NP 46,635,-212,Normal,M,V,8,Normal,None,Unspecified,Unspecified,None,None,None,1
267,NP 47,633,19,Normal,M,V,5,Normal,None,Unspecified,Unspecified,None,None,None,1
268,NP 48,657,19,Normal,F,V,4,Normal,None,Unspecified,Unspecified,None,None,None,1
269,NP 49,640,62,Normal,M,V,1,Normal,None,Unspecified,Unspecified,None,None,None,1
270,NP 50,800,203,Normal,M,V,9,Normal,None,Unspecified,Unspecified,None,None,None,1
271,NP 51,446,263,Normal,M,V,9,Normal,None,Unspecified,Unspecified,None,None,None,1
272,NP 52,479,300,Normal,M,V,0,Normal,None,Unspecified,Unspecified,None,None,None,1
273,NP 53,495,320,Normal,G,V,8,Normal,None,Unspecified,Unspecified,None,None,None,1
274,NP 54,511,340,Normal,M,V,5,Normal,None,Unspecified,Unspecified,None,None,None,1
275,NP 55,386,417,Normal,M,V,0,Normal,None,Unspecified,Unspecified,None,None,None,1
276,NP 56,401,432,Normal,M,V,4,Normal,None,Unspecified,Unspecified,None,None,None,1
277,NP 57,429,450,Normal,M,V,1,Normal,None,Unspecified,Unspecified,None,None,None,1
278,NP 58,444,458,Normal,M,V,5,Normal,None,Unspecified,Unspecified,None,None,None,1
279,NP 59,472,468,Normal,M,V,7,Normal,None,Unspecified,Unspecified,None,None,None,1
280,NP 60,499,479,Normal,M,V,6,Normal,None,Unspecified,Unspecified,None,None,None,1
281,NP 61,527,489,Normal,M,V,3,Normal,None,Unspecified,Unspecified,None,None,None,1
282,NP 62,338,438,Normal,M,V,9,Normal,None,Unspecified,Unspecified,None,None,None,1
283,NP 63,344,459,Normal,M,V,4,Normal,None,Unspecified,Unspecified,None,None,None,1
284,NP 64,225,450,Normal,M,V,9,Normal,None,Unspecified,Unspecified,None,None,None,1
285,NP 65,170,443,Normal,M,V,4,Normal,None,Unspecified,Unspecified,None,None,None,1
286,DPR 0116,-492,1076,Normal,M,V,2,Normal,None,Unspecified,Unspecified,None,None,None,1
287,DPR 0117,-518,1087,Normal,K,V,5,Normal,None,Unspecified,Unspecified,None,None,None,1
288,DPR 0118,-546,1088,Normal,K,V,7,Normal,None,Unspecified,Unspecified,None,None,None,1
289,DPR 0119,-572,1090,Normal,K,V,1,Normal,None,Unspecified,Unspecified,None,None,None,1
290,DPR 0120,-600,1094,Normal,M,V,3,Normal,None,Unspecified,Unspecified,None,None,None,1
291,DPR 0121,-628,1102,Normal,M,V,1,Normal,None,Unspecified,Unspecified,None,None,None,1
292,DPR 0115,-450,1042,Normal,M,V,6,Normal,None,Unspecified,Unspecified,None,None,None,1
293,DPR 0114,-430,1032,Normal,M,V,7,Normal,None,Unspecified,Unspecified,None,None,None,1
294,DPR 0113,-383,1015,Normal,M,V,0,Normal,None,Unspecified,Unspecified,None,None,None,1
295,DPR 0112,-363,1005,Normal,K,V,6,Normal,None,Unspecified,Unspecified,None,None,None,1
296,DPR 0111,-363,975,Normal,G,V,3,Normal,None,Unspecified,Unspecified,None,None,None,1
297,DPR 0110,-365,955,Normal,M,V,8,Normal,None,Unspecified,Unspecified,None,None,None,1
298,DPR 0101,-137,889,Normal,G,V,4,Normal,None,Unspecified,Unspecified,None,None,None,1
299,DPR 0102,-162,894,Normal,M,V,1,Normal,None,Unspecified,Unspecified,None,None,None,1
300,DPR 0103,-187,899,Normal,M,V,3,Normal,None,Unspecified,Unspecified,None,None,None,1
301,DPR 0104,-212,904,Normal,M,V,6,Normal,None,Unspecified,Unspecified,None,None,None,1
302,DPR 0105,-237,909,Normal,M,V,0,Normal,None,Unspecified,Unspecified,None,None,None,1
303,DPR 0106,-262,914,Normal,M,V,3,Normal,None,Unspecified,Unspecified,None,None,None,1
304,DPR 0107,-287,919,Normal,M,V,3,Normal,None,Unspecified,Unspecified,None,None,None,1
305,DPR 0108,-312,924,Normal,K,V,5,Normal,None,Unspecified,Unspecified,None,None,None,1
306,DPR 0109,-337,929,Normal,M,V,1,Normal,None,Unspecified,Unspecified,None,None,None,1
307,DPR 0110,-365,955,Normal,M,V,1,Normal,None,Unspecified,Unspecified,None,None,None,1
308,DPR 0111,-363,975,Normal,A,V,0,Normal,None,Unspecified,Unspecified,None,None,None,1
309,DPR 0112,-363,1005,Normal,M,V,2,Normal,None,Unspecified,Unspecified,None,None,None,1
310,DPR 0113,-383,1015,Normal,M,V,9,Normal,None,Unspecified,Unspecified,None,None,None,1
311,DPR 0114,-430,1032,Normal,F,V,8,Normal,None,Unspecified,Unspecified,None,None,None,1
312,DPR 0115,-450,1042,Normal,M,V,0,Normal,None,Unspecified,Unspecified,None,None,None,1
313,DPR 0116,-492,1076,Normal,M,V,5,Normal,None,Unspecified,Unspecified,None,None,None,1
314,DPR 0117,-518,1087,Normal,M,V,7,Normal,None,Unspecified,Unspecified,None,None,None,1
315,DPR 0118,-546,1088,Normal,M,V,2,Normal,None,Unspecified,Unspecified,None,None,None,1
316,DPR 0119,-572,1090,Normal,M,V,4,Normal,None,Unspecified,Unspecified,None,None,None,1
317,DPR 0120,-600,1094,Normal,M,V,5,Normal,None,Unspecified,Unspecified,None,None,None,1
318,DPR 0121,-628,1102,Normal,M,V,0,Normal,None,Unspecified,Unspecified,None,None,None,1
319,DPR 0201,-725,1075,Normal,M,V,8,Normal,None,Unspecified,Unspecified,None,None,None,1
320,DPR 0202,-732,1048,Normal,G,V,6,Normal,None,Unspecified,Unspecified,None,None,None,1
321,DPR 0203,-739,1021,Normal,F,V,5,Normal,None,Unspecified,Unspecified,None,None,None,1
322,DPR 0204,-744,994,Normal,M,V,5,Normal,None,Unspecified,Unspecified,None,None,None,1
323,DPR 0205,-752,967,Normal,K,V,9,Normal,None,Unspecified,Unspecified,None,None,None,1
324,DPR 0301,-598,813,Normal,M,V,3,Normal,None,Unspecified,Unspecified,None,None,None,1
325,DPR 0302,-573,819,Normal,M,V,9,Normal,None,Unspecified,Unspecified,None,None,None,1
326,DPR 0303,-548,825,Normal,A,V,4,Normal,None,Unspecified,Unspecified,None,None,None,1
327,DPR 0304,-523,831,Normal,G,V,1,Normal,None,Unspecified,Unspecified,None,None,None,1
328,DPR 0305,-497,838,Normal,M,V,8,Normal,None,Unspecified,Unspecified,None,None,None,1
329,DPR 0306,-472,844,Normal,M,V,9,Normal,None,Unspecified,Unspecified,None,None,None,1
330,DPR 0307,-447,850,Normal,M,V,8,Normal,None,Unspecified,Unspecified,None,None,None,1
331,DPR 0308,-422,857,Normal,G,V,6,Normal,None,Unspecified,Unspecified,None,None,None,1
332,DPR 0309,-386,885,Normal,M,V,5,Normal,None,Unspecified,Unspecified,None,None,None,1
333,DPR 0310,-376,907,Normal,M,V,0,Normal,None,Unspecified,Unspecified,None,None,None,1
334,DPR 0401,-425,395,Normal,M,V,1,Normal,None,Unspecified,Unspecified,None,None,None,1
335,DPR 0402,-445,416,Normal,M,V,2,Normal,None,Unspecified,Unspecified,None,None,None,1
336,DPR 0403,-465,437,Normal,M,V,1,Normal,None,Unspecified,Unspecified,None,None,None,1
337,DPR 0404,-485,458,Normal,M,V,9,Normal,None,Unspecified,Unspecified,None,None,None,1
338,DPR 0405,-505,479,Normal,M,V,5,Normal,None,Unspecified,Unspecified,None,None,None,1
339,DPR 0406,-525,500,Normal,M,V,5,Normal,None,Unspecified,Unspecified,None,None,None,1
340,DPR 0407,-545,521,Normal,M,V,7,Normal,None,Unspecified,Unspecified,None,None,None,1
341,DPR 0408,-565,542,Normal,M,V,9,Normal,None,Unspecified,Unspecified,None,None,None,1
342,DPR 0409,-585,563,Normal,M,V,6,Normal,None,Unspecified,Unspecified,None,None,None,1
343,DPR 0410,-605,584,Normal,M,V,8,Normal,None,Unspecified,Unspecified,None,None,None,1
344,DPR 0411,-625,605,Normal,M,V,0,Normal,None,Unspecified,Unspecified,None,None,None,1
345,DPR 0412,-645,626,Normal,M,V,8,Normal,None,Unspecified,Unspecified,None,None,None,1
346,DPR 0413,-665,647,Normal,M,V,0,Normal,None,Unspecified,Unspecified,None,None,None,1
347,DPR 0501,-169,791,Normal,F,V,8,Normal,None,Unspecified,Unspecified,None,None,None,1
348,DPR 0502,-196,781,Normal,M,V,8,Normal,None,Unspecified,Unspecified,None,None,None,1
349,DPR 0503,-223,770,Normal,M,V,6,Normal,None,Unspecified,Unspecified,None,None,None,1
350,DPR 0504,-267,738,Normal,M,V,5,Normal,None,Unspecified,Unspecified,None,None,None,1
351,DPR 0505,-283,716,Normal,M,V,9,Normal,None,Unspecified,Unspecified,None,None,None,1
352,DPR 0506,-300,667,Normal,M,V,4,Normal,None,Unspecified,Unspecified,None,None,None,1
353,DPR 0507,-274,634,Normal,K,V,7,Normal,None,Unspecified,Unspecified,None,None,None,1
354,DPR 0508,-247,628,Normal,M,V,5,Normal,None,Unspecified,Unspecified,None,None,None,1
355,DPR 0509,-220,622,Normal,M,V,8,Normal,None,Unspecified,Unspecified,None,None,None,1
356,DPR 0510,-193,616,Normal,M,V,0,Normal,None,Unspecified,Unspecified,None,None,None,1
357,DPR 0601,-46,976,Normal,M,V,7,Normal,None,Unspecified,Unspecified,None,None,None,1
358,DPR 0602,-20,969,Normal,M,V,8,Normal,None,Unspecified,Unspecified,None,None,None,1
359,DPR 0603,6,960,Normal,M,V,1,Normal,None,Unspecified,Unspecified,None,None,None,1
360,DPR 0604,32,951,Normal,M,V,5,Normal,None,Unspecified,Unspecified,None,None,None,1
361,DPR 0605,58,942,Normal,M,V,5,Normal,None,Unspecified,Unspecified,None,None,None,1
362,DPR 0606,84,933,Normal,M,V,8,Normal,None,Unspecified,Unspecified,None,None,None,1
363,DPR 0607,136,926,Normal,M,V,3,Normal,None,Unspecified,Unspecified,None,None,None,1
364,DPR 0608,163,932,Normal,M,V,7,Normal,None,Unspecified,Unspecified,None,None,None,1
365,DPR 0609,190,938,Normal,M,V,4,Normal,None,Unspecified,Unspecified,None,None,None,1
366,DPR 0610,217,944,Normal,M,V,9,Normal,None,Unspecified,Unspecified,None,None,None,1
367,DPR 0611,260,966,Normal,M,V,4,Normal,None,Unspecified,Unspecified,None,None,None,1
368,DPR 0612,276,986,Normal,M,V,3,Normal,None,Unspecified,Unspecified,None,None,None,1
369,DPR 0613,291,1005,Normal,M,V,1,Normal,None,Unspecified,Unspecified,None,None,None,1
370,DPR 0614,307,1025,Normal,M,V,8,Normal,None,Unspecified,Unspecified,None,None,None,1
371,DPR 0615,345,1029,Normal,M,V,8,Normal,None,Unspecified,Unspecified,None,None,None,1
372,DPR 0616,368,1014,Normal,M,V,7,Normal,None,Unspecified,Unspecified,None,None,None,1
373,DPR 0617,391,999,Normal,M,V,7,Normal,None,Unspecified,Unspecified,None,None,None,1
374,DPR 0618,414,984,Normal,M,V,3,Normal,None,Unspecified,Unspecified,None,None,None,1
375,DPR 0701,-79,698,Normal,K,V,5,Normal,None,Unspecified,Unspecified,None,None,None,1
376,DPR 0702,-54,713,Normal,M,V,5,Normal,None,Unspecified,Unspecified,None,None,None,1
377,DPR 0703,-29,728,Normal,M,V,4,Normal,None,Unspecified,Unspecified,None,None,None,1
378,DPR 0704,-4,743,Normal,M,V,0,Normal,None,Unspecified,Unspecified,None,None,None,1
379,DPR 0705,44,772,Normal,G,V,2,Normal,None,Unspecified,Unspecified,None,None,None,1
380,DPR 0706,65,790,Normal,M,V,1,Normal,None,Unspecified,Unspecified,None,None,None,1
381,DPR 0707,86,808,Normal,M,V,7,Normal,None,Unspecified,Unspecified,None,None,None,1
382,DPR 0708,107,826,Normal,M,V,7,Normal,None,Unspecified,Unspecified,None,None,None,1
383,DPR 0709,122,869,Normal,M,V,9,Normal,None,Unspecified,Unspecified,None,None,None,1
384,DPR 0710,116,894,Normal,M,V,6,Normal,None,Unspecified,Unspecified,None,None,None,1
385,DPR 0711,155,832,Normal,K,V,1,Normal,None,Unspecified,Unspecified,None,None,None,1
386,DPR 0712,181,821,Normal,M,V,7,Normal,None,Unspecified,Unspecified,None,None,None,1
387,DPR 0713,207,810,Normal,B,V,9,Normal,None,Unspecified,Unspecified,None,None,None,1
388,DPR 0714,234,799,Normal,M,V,0,Normal,None,Unspecified,Unspecified,None,None,None,1
389,EC821-387D,-204.8,1732.829,Normal,G,V,6,Normal,None,Unspecified,Unspecified,None,None,None,1
390,ER 001,-82,530,Normal,M,V,2,Normal,None,Unspecified,Unspecified,None,None,None,1
391,ER 002,-86,555,Normal,M,V,3,Normal,None,Unspecified,Unspecified,None,None,None,1
392,ER 003,-90,580,Normal,M,V,3,Normal,None,Unspecified,Unspecified,None,None,None,1
393,ER 004,-94,605,Normal,F,V,7,Normal,None,Unspecified,Unspecified,None,None,None,1
394,ER 005,-98,630,Normal,M,V,3,Normal,None,Unspecified,Unspecified,None,None,None,1
395,ER 006,-102,655,Normal,M,V,3,Normal,None,Unspecified,Unspecified,None,None,None,1
396,ER 007,-112,708,Normal,M,V,8,Normal,None,Unspecified,Unspecified,None,None,None,1
397,ER 008,-120,733,Normal,M,V,0,Normal,None,Unspecified,Unspecified,None,None,None,1
398,ER 009,-128,758,Normal,M,V,8,Normal,None,Unspecified,Unspecified,None,None,None,1
399,ER 010,-136,783,Normal,M,V,3,Normal,None,Unspecified,Unspecified,None,None,None,1
400,ER 011,-134,822,Normal,G,V,5,Normal,None,Unspecified,Unspecified,None,None,None,1
401,ER 012,-126,842,Normal,F,V,4,Normal,None,Unspecified,Unspecified,None,None,None,1
402,ER 013,-118,862,Normal,M,V,9,Normal,None,Unspecified,Unspecified,None,None,None,1
403,ER 014,-102,909,Normal,K,V,1,Normal,None,Unspecified,Unspecified,None,None,None,1
404,ER 015,-92,934,Normal,K,V,4,Normal,None,Unspecified,Unspecified,None,None,None,1
405,ER 016,-82,959,Normal,M,V,4,Normal,None,Unspecified,Unspecified,None,None,None,1
406,ER 017,-92,1005,Normal,M,V,8,Normal,None,Unspecified,Unspecified,None,None,None,1
407,ER 018,-112,1025,Normal,M,V,7,Normal,None,Unspecified,Unspecified,None,None,None,1
408,ER 019,-116,1065,Normal,M,V,5,Normal,None,Unspecified,Unspecified,None,None,None,1
409,ER 020,-117,1093,Normal,M,V,9,Normal,None,Unspecified,Unspecified,None,None,None,1
410,ER 021,-117,1122,Normal,M,V,9,Normal,None,Unspecified,Unspecified,None,None,None,1
411,ER 022,-118,1150,Normal,M,V,6,Normal,None,Unspecified,Unspecified,None,None,None,1
412,ER 023,-118,1179,Normal,G,V,4,Normal,None,Unspecified,Unspecified,None,None,None,1
413,ER 024,-119,1207,Normal,M,V,4,Normal,None,Unspecified,Unspecified,None,None,None,1
414,ER 025,-119,1236,Normal,K,V,6,Normal,None,Unspecified,Unspecified,None,None,None,1
415,ER 026,-120,1264,Normal,G,V,4,Normal,None,Unspecified,Unspecified,None,None,None,1
416,ER 027,-121,1293,Normal,K,V,9,Normal,None,Unspecified,Unspecified,None,None,None,1
417,ER 028,-122,1321,Normal,M,V,1,Normal,None,Unspecified,Unspecified,None,None,None,1
418,ER 029,-122,1350,Normal,M,V,1,Normal,None,Unspecified,Unspecified,None,None,None,1
419,ER 030,-123,1378,Normal,M,V,5,Normal,None,Unspecified,Unspecified,None,None,None,1
420,ER 031,-123,1407,Normal,M,V,2,Normal,None,Unspecified,Unspecified,None,None,None,1
421,ER 032,-124,1436,Normal,M,V,1,Normal,None,Unspecified,Unspecified,None,None,None,1
422,ER 033,-124,1465,Normal,M,V,1,Normal,None,Unspecified,Unspecified,None,None,None,1
423,ER 034,-124,1494,Normal,M,V,4,Normal,None,Unspecified,Unspecified,None,None,None,1
424,ER 035,-124,1523,Normal,M,V,6,Normal,None,Unspecified,Unspecified,None,None,None,1
425,ER 036,-124,1552,Normal,M,V,4,Normal,None,Unspecified,Unspecified,None,None,None,1
426,ER 037,-124,1581,Normal,M,V,4,Normal,None,Unspecified,Unspecified,None,None,None,1
427,ER 038,-96,1625,Normal,M,V,3,Normal,None,Unspecified,Unspecified,None,None,None,1
428,ER 039,-76,1645,Normal,A,V,4,Normal,None,Unspecified,Unspecified,None,None,None,1
429,ER 040,-56,1665,Normal,G,V,1,Normal,None,Unspecified,Unspecified,None,None,None,1
430,ER 041,-36,1685,Normal,M,V,2,Normal,None,Unspecified,Unspecified,None,None,None,1
431,ER 042,-16,1705,Normal,M,V,4,Normal,None,Unspecified,Unspecified,None,None,None,1
432,ER 043,4,1725,Normal,M,V,8,Normal,None,Unspecified,Unspecified,None,None,None,1
433,ER 044,18,1745,Normal,K,V,4,Normal,None,Unspecified,Unspecified,None,None,None,1
434,ER 045,-82,1610,Normal,M,V,8,Normal,None,Unspecified,Unspecified,None,None,None,1
435,HL 01,-686,650.6,Normal,G,V,3,Normal,None,Unspecified,Unspecified,None,None,None,1
436,HL 02,-701,664,Normal,G,V,0,Normal,None,Unspecified,Unspecified,None,None,None,1
437,HL 03,-690,690,Normal,G,V,3,Normal,None,Unspecified,Unspecified,None,None,None,1
438,HL 04,-655,686,Normal,M,V,2,Normal,None,Unspecified,Unspecified,None,None,None,1
439,HL 05,-650,708,Normal,M,V,0,Normal,None,Unspecified,Unspecified,None,None,None,1
440,HL 06,-650,750,Normal,K,V,3,Normal,None,Unspecified,Unspecified,None,None,None,1
441,HL 07,-636,785,Normal,M,V,7,Normal,None,Unspecified,Unspecified,None,None,None,1
442,HL 08,-625,820,Normal,M,V,4,Normal,None,Unspecified,Unspecified,None,None,None,1
443,HL 09,-655,841,Normal,G,V,8,Normal,None,Unspecified,Unspecified,None,None,None,1
444,HL 10,-690,828,Normal,M,V,7,Normal,None,Unspecified,Unspecified,None,None,None,1
445,HL 11,-676,795,Normal,M,V,7,Normal,None,Unspecified,Unspecified,None,None,None,1
446,HL 12,-695,735,Normal,M,V,5,Normal,None,Unspecified,Unspecified,None,None,None,1
447,HL 13,-710,755,Normal,M,V,0,Normal,None,Unspecified,Unspecified,None,None,None,1
448,HL 14,-710,794,Normal,K,V,4,Normal,None,Unspecified,Unspecified,None,None,None,1
449,HL 15,-742,755,Normal,M,V,6,Normal,None,Unspecified,Unspecified,None,None,None,1
450,HL 16,-727,671,Normal,M,V,2,Normal,None,Unspecified,Unspecified,None,None,None,1
451,HL 17,-756,707,Normal,M,V,3,Normal,None,Unspecified,Unspecified,None,None,None,1
452,HL 18,-781,735,Normal,G,V,6,Normal,None,Unspecified,Unspecified,None,None,None,1
453,HL 19,-744,784,Normal,M,V,8,Normal,None,Unspecified,Unspecified,None,None,None,1
454,HL 20,-762,793,Normal,M,V,7,Normal,None,Unspecified,Unspecified,None,None,None,1
455,HL 21,-772,819,Normal,M,V,2,Normal,None,Unspecified,Unspecified,None,None,None,1
456,HL 22,-802,807,Normal,M,V,3,Normal,None,Unspecified,Unspecified,None,None,None,1
457,HL 23,-838,794,Normal,M,V,5,Normal,None,Unspecified,Unspecified,None,None,None,1
458,HL 24,-840,835,Normal,M,V,6,Normal,None,Unspecified,Unspecified,None,None,None,1
459,HL 25,-835,868,Normal,M,V,1,Normal,None,Unspecified,Unspecified,None,None,None,1
460,HL 26,-701,861,Normal,M,V,6,Normal,None,Unspecified,Unspecified,None,None,None,1
461,HL 27,-770,859,Normal,M,V,4,Normal,None,Unspecified,Unspecified,None,None,None,1
462,HL 28,-755,890,Normal,M,V,9,Normal,None,Unspecified,Unspecified,None,None,None,1
463,HL 29,-805,880,Normal,G,V,4,Normal,None,Unspecified,Unspecified,None,None,None,1
464,HL 30,-835,915,Normal,F,V,4,Normal,None,Unspecified,Unspecified,None,None,None,1
465,HL 31,-745,915,Normal,K,V,5,Normal,None,Unspecified,Unspecified,None,None,None,1
466,HL 32,-775,940,Normal,G,V,2,Normal,None,Unspecified,Unspecified,None,None,None,1
467,HL 33,-815,940,Normal,M,V,5,Normal,None,Unspecified,Unspecified,None,None,None,1
468,JF 01,575,510,Normal,M,V,6,Normal,None,Unspecified,Unspecified,None,None,None,1
469,JF 02,573,478,Normal,M,V,1,Normal,None,Unspecified,Unspecified,None,None,None,1
470,JF 03,595,525,Normal,M,V,3,Normal,None,Unspecified,Unspecified,None,None,None,1
471,KC 01,2,1777,Normal,M,V,3,Normal,None,Unspecified,Unspecified,None,None,None,1
472,KC 02,-40,1814,Normal,M,V,7,Normal,None,Unspecified,Unspecified,None,None,None,1
473,KC 03,0,1900,Normal,M,V,2,Normal,None,Unspecified,Unspecified,None,None,None,1
474,KC 04,-45,1883,Normal,M,V,3,Normal,None,Unspecified,Unspecified,None,None,None,1
475,KC 05,47,1860,Normal,K,V,0,Normal,None,Unspecified,Unspecified,None,None,None,1
476,KC 06,62,1827,Normal,G,V,3,Normal,None,Unspecified,Unspecified,None,None,None,1
477,KC 07,68,1776,Normal,K,V,9,Normal,None,Unspecified,Unspecified,None,None,None,1
478,KC 08,95,1780,Normal,M,V,1,Normal,None,Unspecified,Unspecified,None,None,None,1
479,KC 09,101,1763,Normal,M,V,7,Normal,None,Unspecified,Unspecified,None,None,None,1
480,KC 10,88,1725,Normal,M,V,9,Normal,None,Unspecified,Unspecified,None,None,None,1
481,KC 11,128,1736,Normal,M,V,4,Normal,None,Unspecified,Unspecified,None,None,None,1
482,KC 12,68,1746,Normal,M,V,1,Normal,None,Unspecified,Unspecified,None,None,None,1
483,KC 13,49,1817,Normal,G,V,1,Normal,None,Unspecified,Unspecified,None,None,None,1
484,KC 14,24,1862,Normal,M,V,4,Normal,None,Unspecified,Unspecified,None,None,None,1
485,KC 15,-35,1855,Normal,G,V,2,Normal,None,Unspecified,Unspecified,None,None,None,1
486,KC 16,-89,1823,Normal,M,V,2,Normal,None,Unspecified,Unspecified,None,None,None,1
487,KC 17,-110,1835,Normal,M,V,4,Normal,None,Unspecified,Unspecified,None,None,None,1
488,NC 01,-685,1120,Normal,G,V,4,Normal,None,Unspecified,Unspecified,None,None,None,1
489,NP 00,-163,543,Normal,M,V,1,Normal,None,Unspecified,Unspecified,None,None,None,1
490,NP 01,-396,354,Normal,M,V,7,Normal,None,Unspecified,Unspecified,None,None,None,1
491,NP 02,-555,132,Normal,M,V,3,Normal,None,Unspecified,Unspecified,None,None,None,1
492,NP 03,-580,134,Normal,G,V,2,Normal,None,Unspecified,Unspecified,None,None,None,1
493,NP 04,-495,-116,Normal,M,V,4,Normal,None,Unspecified,Unspecified,None,None,None,1
494,NP 05,-458,-193,Normal,M,V,8,Normal,None,Unspecified,Unspecified,None,None,None,1
495,NP 06,-475,-275,Normal,M,V,6,Normal,None,Unspecified,Unspecified,None,None,None,1
496,NP 07,-453,-366,Normal,M,V,8,Normal,None,Unspecified,Unspecified,None,None,None,1
497,NP 08,-375,-390,Normal,M,V,2,Normal,None,Unspecified,Unspecified,None,None,None,1
498,NP 09,-351,-417,Normal,M,V,7,Normal,None,Unspecified,Unspecified,None,None,None,1
499,NP 10,-352,-447,Normal,K,V,7,Normal,None,Unspecified,Unspecified,None,None,None,1
500,NP 11,-381,-483,Normal,M,V,0,Normal,None,Unspecified,Unspecified,None,None,None,1
501,NP 12,-364,-374,Normal,M,V,7,Normal,None,Unspecified,Unspecified,None,None,None,1
502,NP 13,-344,-377,Normal,M,V,9,Normal,None,Unspecified,Unspecified,None,None,None,1
503,NP 14,-305,-383,Normal,M,V,0,Normal,None,Unspecified,Unspecified,None,None,None,1
504,NP 15,-255,-458,Normal,M,V,0,Normal,None,Unspecified,Unspecified,None,None,None,1
505,NP 16,-265,-500,Normal,M,V,0,Normal,None,Unspecified,Unspecified,None,None,None,1
506,NP 17,-283,-539,Normal,K,V,5,Normal,None,Unspecified,Unspecified,None,None,None,1
507,NP 18,-287,-564,Normal,M,V,8,Normal,None,Unspecified,Unspecified,None,None,None,1
508,NP 19,-214,-458,Normal,K,V,7,Normal,None,Unspecified,Unspecified,None,None,None,1
509,NP 20,-173,-477,Normal,M,V,7,Normal,None,Unspecified,Unspecified,None,None,None,1
510,NP 21,-235,-530,Normal,M,V,3,Normal,None,Unspecified,Unspecified,None,None,None,1
511,NP 22,-47,-503,Normal,M,V,7,Normal,None,Unspecified,Unspecified,None,None,None,1
512,NP 23,4,-471,Normal,B,V,7,Normal,None,Unspecified,Unspecified,None,None,None,1
513,NP 24,35,-495,Normal,M,V,1,Normal,None,Unspecified,Unspecified,None,None,None,1
514,NP 25,95,-487,Normal,M,V,9,Normal,None,Unspecified,Unspecified,None,None,None,1
515,NP 26,213,-484,Normal,M,V,4,Normal,None,Unspecified,Unspecified,None,None,None,1
516,NP 27,225,-500,Normal,M,V,8,Normal,None,Unspecified,Unspecified,None,None,None,1
517,NP 28,269,-430,Normal,A,V,6,Normal,None,Unspecified,Unspecified,None,None,None,1
518,NP 29,291,-453,Normal,M,V,4,Normal,None,Unspecified,Unspecified,None,None,None,1
519,NP 30,339,-451,Normal,M,V,6,Normal,None,Unspecified,Unspecified,None,None,None,1
520,NP 31,417,-417,Normal,M,V,5,Normal,None,Unspecified,Unspecified,None,None,None,1
521,NP 32,379,-457,Normal,G,V,3,Normal,None,Unspecified,Unspecified,None,None,None,1
522,NP 33,414,-487,Normal,M,V,7,Normal,None,Unspecified,Unspecified,None,None,None,1
523,NP 34,451,-478,Normal,M,V,2,Normal,None,Unspecified,Unspecified,None,None,None,1
524,NP 35,366,-397,Normal,M,V,2,Normal,None,Unspecified,Unspecified,None,None,None,1
525,NP 36,425,-455,Normal,M,V,2,Normal,None,Unspecified,Unspecified,None,None,None,1
526,NP 37,519,-282,Normal,K,V,5,Normal,None,Unspecified,Unspecified,None,None,None,1
527,NP 38,541,-295,Normal,M,V,7,Normal,None,Unspecified,Unspecified,None,None,None,1
528,NP 39,560,-275,Normal,M,V,1,Normal,None,Unspecified,Unspecified,None,None,None,1
529,NP 40,683,-107,Normal,M,V,4,Normal,None,Unspecified,Unspecified,None,None,None,1
530,NP 41,660,-108,Normal,M,V,4,Normal,None,Unspecified,Unspecified,None,None,None,1
531,NP 42,563,-308,Normal,M,V,3,Normal,None,Unspecified,Unspecified,None,None,None,1
532,NP 43,585,-321,Normal,K,V,3,Normal,None,Unspecified,Unspecified,None,None,None,1
533,NP 44,607,-334,Normal,M,V,1,Normal,None,Unspecified,Unspecified,None,None,None,1
534,NP 45,608,-212,Normal,M,V,1,Normal,None,Unspecified,Unspecified,None,None,None,1
535,NP 46,635,-212,Normal,M,V,9,Normal,None,Unspecified,Unspecified,None,None,None,1
536,NP 47,633,19,Normal,M,V,6,Normal,None,Unspecified,Unspecified,None,None,None,1
537,NP 48,657,19,Normal,M,V,9,Normal,None,Unspecified,Unspecified,None,None,None,1
538,NP 49,640,62,Normal,A,V,1,Normal,None,Unspecified,Unspecified,None,None,None,1
539,NP 50,800,203,Normal,M,V,7,Normal,None,Unspecified,Unspecified,None,None,None,1
540,NP 51,446,263,Normal,G,V,4,Normal,None,Unspecified,Unspecified,None,None,None,1
541,NP 52,479,300,Normal,M,V,0,Normal,None,Unspecified,Unspecified,None,None,None,1
542,NP 53,495,320,Normal,K,V,0,Normal,None,Unspecified,Unspecified,None,None,None,1
543,NP 54,511,340,Normal,M,V,1,Normal,None,Unspecified,Unspecified,None,None,None,1
544,NP 55,386,417,Normal,M,V,9,Normal,None,Unspecified,Unspecified,None,None,None,1
545,NP 56,401,432,Normal,M,V,9,Normal,None,Unspecified,Unspecified,None,None,None,1
546,NP 57,429,450,Normal,M,V,7,Normal,None,Unspecified,Unspecified,None,None,None,1
547,NP 58,444,458,Normal,M,V,4,Normal,None,Unspecified,Unspecified,None,None,None,1
548,NP 59,472,468,Normal,K,V,1,Normal,None,Unspecified,Unspecified,None,None,None,1
549,NP 60,499,479,Normal,M,V,7,Normal,None,Unspecified,Unspecified,None,None,None,1
550,NP 61,527,489,Normal,M,V,6,Normal,None,Unspecified,Unspecified,None,None,None,1
551,NP 62,338,438,Normal,M,V,9,Normal,None,Unspecified,Unspecified,None,None,None,1
552,NP 63,344,459,Normal,M,V,5,Normal,None,Unspecified,Unspecified,None,None,None,1
553,NP 64,225,450,Normal,M,V,6,Normal,None,Unspecified,Unspecified,None,None,None,1
554,NP 65,170,443,Normal,M,V,6,Normal,None,Unspecified,Unspecified,None,None,None,1
555,TFS 01,416,472,Normal,M,V,1,Normal,None,Unspecified,Unspecified,None,None,None,1
556,TFS 02,416,501,Normal,M,V,7,Normal,None,Unspecified,Unspecified,None,None,None,1
557,TFS 03,415,528,Normal,M,V,8,Normal,None,Unspecified,Unspecified,None,None,None,1
558,TFS 04,415,555,Normal,A,V,8,Normal,None,Unspecified,Unspecified,None,None,None,1
559,TFS 05,414,582,Normal,M,V,0,Normal,None,Unspecified,Unspecified,None,None,None,1
560,TFS 06,390,620,Normal,G,V,7,Normal,None,Unspecified,Unspecified,None,None,None,1
561,TFS 07,366,632,Normal,M,V,4,Normal,None,Unspecified,Unspecified,None,None,None,1
562,TFS 08,342,644,Normal,M,V,5,Normal,None,Unspecified,Unspecified,None,None,None,1
563,TFS 09,318,656,Normal,M,V,5,Normal,None,Unspecified,Unspecified,None,None,None,1
564,TFS 10,287,692,Normal,K,V,2,Normal,None,Unspecified,Unspecified,None,None,None,1
565,TFS 11,280,716,Normal,M,V,3,Normal,None,Unspecified,Unspecified,None,None,None,1
566,TFS 12,274,740,Normal,K,V,0,Normal,None,Unspecified,Unspecified,None,None,None,1
567,TFS 13,268,764,Normal,M,V,5,Normal,None,Unspecified,Unspecified,None,None,None,1
568,TFS 14,258,815,Normal,M,V,0,Normal,None,Unspecified,Unspecified,None,None,None,1
569,TFS 15,256,841,Normal,G,V,6,Normal,None,Unspecified,Unspecified,None,None,None,1
570,TFS 16,253,868,Normal,M,V,0,Normal,None,Unspecified,Unspecified,None,None,None,1
571,TFS 17,251,894,Normal,M,V,0,Normal,None,Unspecified,Unspecified,None,None,None,1
572,TFS 18,248,921,Normal,K,V,6,Normal,None,Unspecified,Unspecified,None,None,None,1
573,TFS 19,304,1064,Normal,M,V,3,Normal,None,Unspecified,Unspecified,None,None,None,1
574,TFS 20,285,1084,Normal,M,V,4,Normal,None,Unspecified,Unspecified,None,None,None,1
575,TFS 21,267,1104,Normal,M,V,8,Normal,None,Unspecified,Unspecified,None,None,None,1
576,TFS 22,248,1124,Normal,M,V,2,Normal,None,Unspecified,Unspecified,None,None,None,1
577,TFS 23,230,1144,Normal,K,V,5,Normal,None,Unspecified,Unspecified,None,None,None,1
578,TFS 24,204,1192,Normal,F,V,0,Normal,None,Unspecified,Unspecified,None,None,None,1
579,TFS 25,197,1220,Normal,M,V,7,Normal,None,Unspecified,Unspecified,None,None,None,1
580,TFS 26,191,1248,Normal,M,V,8,Normal,None,Unspecified,Unspecified,None,None,None,1
581,TFS 27,185,1276,Normal,M,V,1,Normal,None,Unspecified,Unspecified,None,None,None,1
582,TFS 28,179,1304,Normal,G,V,0,Normal,None,Unspecified,Unspecified,None,None,None,1
583,TFS 29,173,1332,Normal,M,V,6,Normal,None,Unspecified,Unspecified,None,None,None,1
584,TFS 30,167,1360,Normal,M,V,0,Normal,None,Unspecified,Unspecified,None,None,None,1
585,TFS 31,161,1388,Normal,M,V,2,Normal,None,Unspecified,Unspecified,None,None,None,1
586,TFS 32,155,1416,Normal,M,V,4,Normal,None,Unspecified,Unspecified,None,None,None,1
587,TFS 33,149,1444,Normal,M,V,2,Normal,None,Unspecified,Unspecified,None,None,None,1
588,TFS 34,143,1472,Normal,M,V,2,Normal,None,Unspecified,Unspecified,None,None,None,1
589,TFS 35,137,1500,Normal,M,V,7,Normal,None,Unspecified,Unspecified,None,None,None,1
590,TFS 36,131,1528,Normal,M,V,6,Normal,None,Unspecified,Unspecified,None,None,None,1
591,TFS 37,125,1556,Normal,G,V,0,Normal,None,Unspecified,Unspecified,None,None,None,1
592,TFS 38,119,1584,Normal,G,V,9,Normal,None,Unspecified,Unspecified,None,None,None,1
593,TFS 39,113,1612,Normal,G,V,5,Normal,None,Unspecified,Unspecified,None,None,None,1
594,TFS 40,107,1640,Normal,G,V,4,Normal,None,Unspecified,Unspecified,None,None,None,1
595,TFS 41,101,1668,Normal,M,V,2,Normal,None,Unspecified,Unspecified,None,None,None,1
596,TFS 42,95,1696,Normal,M,V,0,Normal,None,Unspecified,Unspecified,None,None,None,1
