Name,Cluster,ClusterOverlay,ClusterConstellation
0,"(Id="""")",None,None
1,"(Id=""MWFactionAsset:RepairSystem_26"")",None,None
2,"(Id=""MWFactionAsset:RepairSystem_26"")",/Game/Campaign/CampaignArcs/BorderChanges/_common/FactionBorderMeshes/SafezoneTempFolder/SafezoneSection2/SafezoneCollision/Safezone7_Collision.Safezone7_Collision,/Game/Campaign/CampaignArcs/BorderChanges/_common/FactionBorderMeshes/SafezoneTempFolder/SafezoneSection2/Safezone7.Safezone7
3,"(Id=""MWFactionAsset:RepairSystem_26"")",None,None
4,"(Id="""")",None,None
5,"(Id=""MWFactionAsset:StoryCluster1"")",None,None
6,"(Id="""")",None,None
7,"(Id="""")",None,None
8,"(Id="""")",None,None
9,"(Id=""MWFactionAsset:RepairSystem_27"")",None,None
10,"(Id="""")",None,None
11,"(Id="""")",None,None
12,"(Id="""")",None,None
13,"(Id="""")",None,None
14,"(Id="""")",None,None
15,"(Id=""MWFactionAsset:RepairSystem_26"")",None,None
16,"(Id=""MWFactionAsset:AgriculturalBelt"")",None,None
17,"(Id=""MWFactionAsset:RepairSystem_26"")",None,None
18,"(Id="""")",None,None
19,"(Id="""")",None,None
20,"(Id="""")",None,None
21,"(Id="""")",None,None
22,"(Id="""")",None,None
23,"(Id=""MWFactionAsset:DavionBorderlands"")",None,None
24,"(Id=""MWFactionAsset:RepairSystem_27"")",None,None
25,"(Id=""MWFactionAsset:AgriculturalBelt"")",None,None
26,"(Id="""")",None,None
27,"(Id="""")",None,None
28,"(Id=""MWFactionAsset:RepairSystem_26"")",None,None
29,"(Id=""MWFactionAsset:AgriculturalBelt"")",None,None
30,"(Id="""")",None,None
31,"(Id="""")",None,None
32,"(Id="""")",None,None
33,"(Id="""")",None,None
34,"(Id="""")",None,None
35,"(Id=""MWFactionAsset:RepairSystem_26"")",None,None
36,"(Id="""")",None,None
37,"(Id="""")",None,None
38,"(Id="""")",None,None
39,"(Id="""")",None,None
40,"(Id=""MWFactionAsset:RepairSystem_26"")",None,None
41,"(Id="""")",None,None
42,"(Id=""MWFactionAsset:DavionBorderlands"")",None,None
43,"(Id="""")",None,None
44,"(Id="""")",None,None
45,"(Id="""")",None,None
46,"(Id="""")",None,None
47,"(Id=""MWFactionAsset:IndustrialMiningCompany"")",None,None
48,"(Id="""")",None,None
49,"(Id=""MWFactionAsset:RepairSystem_26"")",None,None
50,"(Id="""")",None,None
51,"(Id=""MWFactionAsset:DavionBorderlands"")",None,None
52,"(Id=""MWFactionAsset:AgriculturalBelt"")",None,None
53,"(Id="""")",None,None
54,"(Id=""MWFactionAsset:RepairSystem_26"")",None,None
55,"(Id="""")",None,None
56,"(Id="""")",None,None
57,"(Id=""MWFactionAsset:DavionBorderlands"")",None,None
58,"(Id=""MWFactionAsset:RepairSystem_27"")",None,None
59,"(Id="""")",None,None
60,"(Id=""MWFactionAsset:RogueSystems"")",None,None
61,"(Id=""MWFactionAsset:RogueSystems"")",/Game/Campaign/CampaignArcs/Regions/12_3/12_3.12_3,None
62,"(Id=""MWFactionAsset:RepairSystem_7"")",None,None
63,"(Id="""")",None,None
64,"(Id=""MWFactionAsset:RepairSystem_5"")",/Game/Campaign/CampaignArcs/BorderChanges/_common/FactionBorderMeshes/SafezoneTempFolder/SafezoneCollision/Safezone_7_5_Blob.Safezone_7_5_Blob,/Game/Campaign/CampaignArcs/BorderChanges/_common/FactionBorderMeshes/SafezoneTempFolder/Safezone_7_5.Safezone_7_5
65,"(Id=""MWFactionAsset:LyranStrongholds"")",None,None
66,"(Id=""MWFactionAsset:RepairSystem_28"")",None,None
67,"(Id="""")",None,None
68,"(Id=""MWFactionAsset:StoryCluster1"")",None,None
69,"(Id=""MWFactionAsset:StoryCluster1"")",None,None
70,"(Id=""MWFactionAsset:RepairSystem_8"")",None,None
72,"(Id=""MWFactionAsset:RepairSystem_26"")",None,None
73,"(Id="""")",None,None
74,"(Id="""")",None,None
75,"(Id=""MWFactionAsset:RepairSystem_26"")",None,None
76,"(Id="""")",None,None
77,"(Id=""MWFactionAsset:RepairSystem_7"")",/Game/Campaign/CampaignArcs/BorderChanges/_common/FactionBorderMeshes/SafezoneTempFolder/SafezoneCollision/Safezone_7_Blob.Safezone_7_Blob,/Game/Campaign/CampaignArcs/BorderChanges/_common/FactionBorderMeshes/SafezoneTempFolder/Safezone_7.Safezone_7
78,"(Id="""")",None,None
79,"(Id="""")",None,None
80,"(Id=""MWFactionAsset:RepairSystem_26"")",None,None
81,"(Id=""MWFactionAsset:StoryCluster1"")",/Game/Campaign/CampaignArcs/Regions/StoryCluster_01/StoryCluster_1_STM.StoryCluster_1_STM,None
82,"(Id="""")",None,None
83,"(Id="""")",None,None
84,"(Id="""")",None,None
85,"(Id="""")",None,None
86,"(Id="""")",None,None
87,"(Id="""")",None,None
88,"(Id=""MWFactionAsset:RogueSystems"")",None,None
89,"(Id="""")",None,None
90,"(Id=""MWFactionAsset:A2M1_Cluster"")",/Game/Campaign/CampaignArcs/MetagameObjectives/CampaignClusters/A2M1.A2M1,None
91,"(Id=""MWFactionAsset:IndustrialMiningCompany"")",None,None
92,"(Id=""MWFactionAsset:AgriculturalBelt"")",None,None
93,"(Id="""")",None,None
94,"(Id="""")",None,None
95,"(Id="""")",None,None
96,"(Id=""MWFactionAsset:AgriculturalBelt"")",None,None
97,"(Id=""MWFactionAsset:RepairSystem_27"")",None,None
98,"(Id=""MWFactionAsset:RepairSystem_15"")",None,None
99,"(Id=""MWFactionAsset:LyranStrongholds"")",None,None
100,"(Id="""")",None,None
101,"(Id=""MWFactionAsset:AgriculturalBelt"")",None,None
102,"(Id="""")",None,None
103,"(Id=""MWFactionAsset:KuritaDavion"")",None,None
104,"(Id=""MWFactionAsset:RebeliousLyranTerritory"")",None,None
105,"(Id="""")",None,None
106,"(Id=""MWFactionAsset:RepairSystem_26"")",None,None
107,"(Id="""")",None,None
108,"(Id="""")",None,None
109,"(Id=""MWFactionAsset:StewartCommonality"")",None,None
110,"(Id="""")",None,None
111,"(Id=""MWFactionAsset:RepairSystem_8"")",None,None
112,"(Id="""")",None,None
113,"(Id=""MWFactionAsset:TsinghaiCommonality"")",None,None
114,"(Id="""")",None,None
115,"(Id="""")",None,None
116,"(Id="""")",None,None
117,"(Id="""")",None,None
118,"(Id="""")",None,None
119,"(Id="""")",None,None
120,"(Id="""")",None,None
121,"(Id="""")",None,None
122,"(Id=""MWFactionAsset:DavionBorderlands"")",None,None
123,"(Id=""MWFactionAsset:DavionBorderlands"")",None,None
124,"(Id="""")",None,None
125,"(Id="""")",None,None
126,"(Id="""")",None,None
127,"(Id=""MWFactionAsset:RepairSystem_7"")",None,None
128,"(Id=""MWFactionAsset:StoryCluster1"")",None,None
129,"(Id=""MWFactionAsset:RogueSystems"")",None,None
130,"(Id="""")",None,None
131,"(Id=""MWFactionAsset:RebeliousLyranTerritory"")",None,None
132,"(Id="""")",None,None
133,"(Id=""MWFactionAsset:KuritaDavion"")",None,None
134,"(Id=""MWFactionAsset:KuritaDavion"")",None,None
135,"(Id=""MWFactionAsset:RepairSystem_21"")",None,None
136,"(Id="""")",None,None
137,"(Id=""MWFactionAsset:RepairSystem_27"")",None,None
138,"(Id="""")",None,None
139,"(Id="""")",None,None
140,"(Id="""")",None,None
141,"(Id=""MWFactionAsset:RepairSystem_13"")",None,None
142,"(Id="""")",None,None
143,"(Id="""")",None,None
144,"(Id="""")",None,None
145,"(Id="""")",None,None
146,"(Id="""")",None,None
147,"(Id="""")",None,None
148,"(Id="""")",None,None
149,"(Id="""")",None,None
150,"(Id="""")",None,None
151,"(Id=""MWFactionAsset:RepairSystem_10"")",None,None
152,"(Id="""")",None,None
153,"(Id="""")",None,None
154,"(Id="""")",None,None
155,"(Id="""")",None,None
156,"(Id="""")",None,None
157,"(Id=""MWFactionAsset:RepairSystem_5"")",None,None
158,"(Id="""")",None,None
159,"(Id=""MWFactionAsset:StoryCluster1"")",None,None
160,"(Id="""")",None,None
161,"(Id="""")",None,None
162,"(Id="""")",None,None
163,"(Id="""")",None,None
164,"(Id="""")",None,None
165,"(Id="""")",None,None
166,"(Id="""")",None,None
167,"(Id="""")",None,None
168,"(Id="""")",None,None
169,"(Id=""MWFactionAsset:RepairSystem_8"")",None,None
170,"(Id="""")",None,None
171,"(Id=""MWFactionAsset:DavionKurita_1"")",None,None
172,"(Id=""MWFactionAsset:RebeliousLyranTerritory"")",None,None
173,"(Id=""MWFactionAsset:RepairSystem_27"")",/Game/Campaign/CampaignArcs/BorderChanges/_common/FactionBorderMeshes/SafezoneTempFolder/SafezoneSection2/SafezoneCollision/Safezone8_Collision.Safezone8_Collision,/Game/Campaign/CampaignArcs/BorderChanges/_common/FactionBorderMeshes/SafezoneTempFolder/SafezoneSection2/Safezone8.Safezone8
174,"(Id="""")",None,None
175,"(Id=""MWFactionAsset:DavionBorderlands"")",None,None
176,"(Id=""MWFactionAsset:RepairSystem_5"")",None,None
177,"(Id="""")",None,None
178,"(Id=""MWFactionAsset:AgriculturalBelt"")",None,None
179,"(Id="""")",None,None
180,"(Id="""")",None,None
181,"(Id="""")",None,None
182,"(Id="""")",None,None
183,"(Id=""MWFactionAsset:DavionBorderlands"")",None,None
184,"(Id="""")",None,None
185,"(Id=""MWFactionAsset:AgriculturalBelt"")",/Game/Campaign/CampaignArcs/MetagameObjectives/CampaignClusters/A2M3.A2M3,None
186,"(Id=""MWFactionAsset:StoryCluster1"")",None,None
187,"(Id="""")",None,None
188,"(Id="""")",None,None
189,"(Id="""")",None,None
190,"(Id=""MWFactionAsset:RepairSystem_27"")",None,None
191,"(Id="""")",None,None
192,"(Id="""")",None,None
193,"(Id=""MWFactionAsset:RogueSystems"")",None,None
194,"(Id="""")",None,None
195,"(Id=""MWFactionAsset:RepairSystem_3"")",None,None
196,"(Id=""MWFactionAsset:MarikLiaoBorder"")",None,None
197,"(Id=""MWFactionAsset:RepairSystem_27"")",None,None
198,"(Id="""")",None,None
199,"(Id="""")",None,None
200,"(Id="""")",None,None
201,"(Id="""")",None,None
202,"(Id="""")",None,None
203,"(Id=""MWFactionAsset:TsinghaiCommonality"")",/Game/Campaign/CampaignArcs/Regions/7_2/7_2_Mesh.7_2_Mesh,None
204,"(Id=""MWFactionAsset:RogueSystems"")",None,None
205,"(Id="""")",None,None
206,"(Id=""MWFactionAsset:AgriculturalBelt"")",None,None
207,"(Id=""MWFactionAsset:RepairSystem_27"")",None,None
208,"(Id=""MWFactionAsset:SteinerBorder"")",/Game/Campaign/CampaignArcs/Regions/12_1/12_1.12_1,None
209,"(Id=""MWFactionAsset:RepairSystem_10"")",/Game/Campaign/CampaignArcs/BorderChanges/_common/FactionBorderMeshes/SafezoneTempFolder/SafezoneCollision/Safezone_9_Blob.Safezone_9_Blob,/Game/Campaign/CampaignArcs/BorderChanges/_common/FactionBorderMeshes/SafezoneTempFolder/Safezone_9.Safezone_9
210,"(Id=""MWFactionAsset:DavionBorderlands"")",None,None
211,"(Id=""MWFactionAsset:ShippingRoute"")",None,None
212,"(Id=""MWFactionAsset:ShippingRoute"")",None,None
213,"(Id="""")",None,None
214,"(Id="""")",None,None
215,"(Id="""")",None,None
216,"(Id=""MWFactionAsset:DavionBorderlands"")",/Game/Campaign/CampaignArcs/Regions/6_2/6_2_Mesh.6_2_Mesh,None
217,"(Id="""")",None,None
218,"(Id="""")",None,None
219,"(Id=""MWFactionAsset:DavionBorderlands"")",None,None
220,"(Id="""")",None,None
221,"(Id=""MWFactionAsset:RepairSystem_27"")",None,None
222,"(Id=""MWFactionAsset:AgriculturalBelt"")",None,None
223,"(Id="""")",None,None
224,"(Id="""")",None,None
225,"(Id="""")",None,None
226,"(Id="""")",None,None
227,"(Id="""")",None,None
228,"(Id="""")",None,None
229,"(Id="""")",None,None
230,"(Id="""")",None,None
231,"(Id="""")",None,None
232,"(Id="""")",None,None
233,"(Id=""MWFactionAsset:LyranStrongholds"")",None,None
234,"(Id="""")",None,None
235,"(Id="""")",None,None
236,"(Id="""")",None,None
237,"(Id="""")",None,None
238,"(Id="""")",None,None
239,"(Id="""")",None,None
240,"(Id="""")",None,None
241,"(Id=""MWFactionAsset:DavionBorderlands"")",None,None
242,"(Id="""")",None,None
243,"(Id=""MWFactionAsset:IndustrialMiningCompany"")",None,None
244,"(Id="""")",None,None
245,"(Id="""")",None,None
246,"(Id="""")",None,None
247,"(Id="""")",None,None
248,"(Id="""")",None,None
249,"(Id="""")",None,None
250,"(Id=""MWFactionAsset:KuritaDavion"")",None,None
251,"(Id=""MWFactionAsset:RepairSystem_27"")",None,None
252,"(Id="""")",None,None
253,"(Id="""")",None,None
254,"(Id="""")",None,None
255,"(Id=""MWFactionAsset:LyranStrongholds"")",None,None
256,"(Id="""")",None,None
257,"(Id=""MWFactionAsset:RashpurOwensInc"")",None,None
258,"(Id="""")",None,None
259,"(Id="""")",None,None
260,"(Id="""")",None,None
261,"(Id=""MWFactionAsset:RepairSystem_13"")",None,None
262,"(Id=""MWFactionAsset:SteinerMarikBorder"")",None,None
263,"(Id=""MWFactionAsset:LyranStrongholds"")",None,None
264,"(Id="""")",None,None
265,"(Id=""MWFactionAsset:RepairSystem_4"")",None,None
266,"(Id="""")",None,None
267,"(Id="""")",None,None
268,"(Id="""")",None,None
269,"(Id="""")",None,None
270,"(Id=""MWFactionAsset:RogueSystems"")",None,None
271,"(Id="""")",None,None
272,"(Id="""")",None,None
273,"(Id=""MWFactionAsset:RepairSystem_20"")",None,None
274,"(Id=""MWFactionAsset:StewartCommonality"")",None,None
275,"(Id="""")",None,None
276,"(Id="""")",None,None
277,"(Id=""MWFactionAsset:RepairSystem_5"")",None,None
278,"(Id="""")",None,None
279,"(Id="""")",None,None
280,"(Id=""MWFactionAsset:LyranStrongholds"")",/Game/Campaign/CampaignArcs/Regions/11_3/11_3.11_3,None
281,"(Id="""")",None,None
282,"(Id="""")",None,None
283,"(Id="""")",None,None
284,"(Id="""")",None,None
285,"(Id="""")",None,None
286,"(Id="""")",None,None
287,"(Id=""MWFactionAsset:RepairSystem_20"")",/Game/Campaign/CampaignArcs/BorderChanges/_common/FactionBorderMeshes/SafezoneTempFolder/SafezoneSection2/SafezoneCollision/Safezone1_Collision.Safezone1_Collision,/Game/Campaign/CampaignArcs/BorderChanges/_common/FactionBorderMeshes/SafezoneTempFolder/SafezoneSection2/Safezone1.Safezone1
288,"(Id="""")",None,None
289,"(Id=""MWFactionAsset:RepairSystem_5"")",None,None
290,"(Id=""MWFactionAsset:RepairSystem_5"")",None,None
291,"(Id=""MWFactionAsset:ShippingRoute"")",/Game/Campaign/CampaignArcs/Regions/6_3/6_3_Mesh.6_3_Mesh,None
292,"(Id=""MWFactionAsset:TamarindAbbey"")",None,None
293,"(Id="""")",None,None
294,"(Id=""MWFactionAsset:RepairSystem_8"")",/Game/Campaign/CampaignArcs/BorderChanges/_common/FactionBorderMeshes/SafezoneTempFolder/SafezoneCollision/Safezone_6_Blob.Safezone_6_Blob,/Game/Campaign/CampaignArcs/BorderChanges/_common/FactionBorderMeshes/SafezoneTempFolder/Safezone_6.Safezone_6
295,"(Id=""MWFactionAsset:StoryCluster3"")",None,None
296,"(Id=""MWFactionAsset:RebeliousLyranTerritory"")",None,None
297,"(Id="""")",None,None
298,"(Id="""")",None,None
299,"(Id="""")",None,None
300,"(Id="""")",None,None
301,"(Id="""")",None,None
302,"(Id="""")",None,None
303,"(Id="""")",None,None
304,"(Id=""MWFactionAsset:AgriculturalBelt"")",None,None
305,"(Id="""")",None,None
306,"(Id=""MWFactionAsset:DavionBorderlands"")",None,None
307,"(Id="""")",None,None
308,"(Id="""")",None,None
309,"(Id=""MWFactionAsset:KuritaDavion"")",None,None
310,"(Id=""MWFactionAsset:FWLInterior"")",None,None
311,"(Id="""")",None,None
312,"(Id="""")",None,None
313,"(Id="""")",None,None
314,"(Id=""MWFactionAsset:IndustrialMiningCompany"")",None,None
315,"(Id="""")",None,None
316,"(Id=""MWFactionAsset:IndustrialMiningCompany"")",/Game/Campaign/CampaignArcs/Regions/5_2/5_2_Mesh.5_2_Mesh,None
317,"(Id=""MWFactionAsset:RepairSystem_22"")",None,None
318,"(Id=""MWFactionAsset:RebeliousLyranTerritory"")",None,None
319,"(Id=""MWFactionAsset:StewartCommonality"")",None,None
320,"(Id=""MWFactionAsset:BackwaterRegion"")",None,None
321,"(Id="""")",None,None
322,"(Id=""MWFactionAsset:RebeliousLyranTerritory"")",None,None
323,"(Id="""")",None,None
324,"(Id=""MWFactionAsset:MarikLiaoBorder"")",None,None
325,"(Id="""")",None,None
326,"(Id="""")",None,None
327,"(Id="""")",None,None
328,"(Id="""")",None,None
329,"(Id=""MWFactionAsset:A2M1_Cluster"")",None,None
330,"(Id="""")",None,None
331,"(Id=""MWFactionAsset:TsinghaiCommonality"")",None,None
332,"(Id="""")",None,None
333,"(Id=""MWFactionAsset:KuritaDavion"")",/Game/Campaign/CampaignArcs/Regions/6_1/6_1_Mesh.6_1_Mesh,None
334,"(Id="""")",None,None
335,"(Id=""MWFactionAsset:ShippingRoute"")",None,None
336,"(Id=""MWFactionAsset:IndustrialMiningCompany"")",None,None
337,"(Id="""")",None,None
338,"(Id="""")",None,None
339,"(Id=""MWFactionAsset:SteinerMarikBorder"")",None,None
340,"(Id=""MWFactionAsset:RepairSystem_13"")",None,None
341,"(Id=""MWFactionAsset:RebeliousLyranTerritory"")",None,None
342,"(Id=""MWFactionAsset:RepairSystem_12"")",None,None
343,"(Id=""MWFactionAsset:LyranStrongholds"")",None,None
344,"(Id="""")",None,None
345,"(Id=""MWFactionAsset:RepairSystem_15"")",None,None
346,"(Id="""")",None,None
347,"(Id="""")",None,None
348,"(Id="""")",None,None
349,"(Id=""MWFactionAsset:RepairSystem_10"")",None,None
350,"(Id=""MWFactionAsset:LowerClassWorlds"")",None,None
351,"(Id=""MWFactionAsset:LowerClassWorlds"")",None,None
352,"(Id="""")",None,None
353,"(Id=""MWFactionAsset:A2M1_Cluster"")",None,None
354,"(Id=""MWFactionAsset:RashpurOwensInc"")",None,None
355,"(Id=""MWFactionAsset:RepairSystem_9"")",None,None
356,"(Id=""MWFactionAsset:ShippingRoute"")",None,None
357,"(Id=""MWFactionAsset:RepairSystem_18"")",/Game/Campaign/CampaignArcs/BorderChanges/_common/FactionBorderMeshes/SafezoneTempFolder/SafezoneCollision/Safezone_16_Blob.Safezone_16_Blob,/Game/Campaign/CampaignArcs/BorderChanges/_common/FactionBorderMeshes/SafezoneTempFolder/Safezone_16.Safezone_16
358,"(Id="""")",None,None
359,"(Id="""")",None,None
360,"(Id="""")",None,None
361,"(Id="""")",None,None
362,"(Id="""")",None,None
363,"(Id="""")",None,None
364,"(Id="""")",None,None
365,"(Id=""MWFactionAsset:RepairSystem_3"")",None,None
366,"(Id="""")",None,None
367,"(Id=""MWFactionAsset:FWLCommercialHub"")",/Game/Campaign/CampaignArcs/Regions/9_3/9_3.9_3,None
368,"(Id="""")",None,None
369,"(Id=""MWFactionAsset:RebeliousLyranTerritory"")",None,None
370,"(Id="""")",None,None
371,"(Id="""")",None,None
372,"(Id="""")",None,None
373,"(Id="""")",None,None
374,"(Id=""MWFactionAsset:A2M1_Cluster"")",None,None
375,"(Id="""")",None,None
376,"(Id="""")",None,None
377,"(Id=""MWFactionAsset:RepairSystem_4"")",/Game/Campaign/CampaignArcs/BorderChanges/_common/FactionBorderMeshes/SafezoneTempFolder/SafezoneCollision/Safezone_5_Blob.Safezone_5_Blob,/Game/Campaign/CampaignArcs/BorderChanges/_common/FactionBorderMeshes/SafezoneTempFolder/Safezone_5.Safezone_5
378,"(Id=""MWFactionAsset:InfernosWake"")",None,None
379,"(Id="""")",None,None
380,"(Id="""")",None,None
381,"(Id=""MWFactionAsset:LyranStrongholds"")",None,None
382,"(Id="""")",None,None
383,"(Id=""MWFactionAsset:LyranStrongholds"")",None,None
384,"(Id="""")",None,None
385,"(Id=""MWFactionAsset:RepairSystem_15"")",None,None
386,"(Id=""MWFactionAsset:MarikLiaoBorder"")",None,None
387,"(Id=""MWFactionAsset:LowerClassWorlds"")",None,None
388,"(Id=""MWFactionAsset:SianCommonality"")",None,None
389,"(Id=""MWFactionAsset:LowerClassWorlds"")",None,None
390,"(Id="""")",None,None
391,"(Id=""MWFactionAsset:RepairSystem_9"")",None,None
392,"(Id=""MWFactionAsset:ShippingRoute"")",None,None
393,"(Id=""MWFactionAsset:KuritaDavion"")",None,None
394,"(Id="""")",None,None
395,"(Id="""")",None,None
396,"(Id="""")",None,None
397,"(Id="""")",None,None
398,"(Id=""MWFactionAsset:StoryCluster3"")",None,None
399,"(Id="""")",None,None
400,"(Id=""MWFactionAsset:MarikLiaoBorder"")",None,None
401,"(Id=""MWFactionAsset:SianCommonality"")",None,None
402,"(Id=""MWFactionAsset:DavionBorder"")",None,None
403,"(Id="""")",None,None
404,"(Id="""")",None,None
405,"(Id=""MWFactionAsset:KuritaDavion"")",None,None
406,"(Id="""")",None,None
407,"(Id=""MWFactionAsset:DavionKurita_1"")",None,None
408,"(Id=""MWFactionAsset:RepairSystem_20"")",None,None
409,"(Id="""")",None,None
410,"(Id=""MWFactionAsset:RepairSystem_3"")",/Game/Campaign/CampaignArcs/BorderChanges/_common/FactionBorderMeshes/SafezoneTempFolder/SafezoneCollision/Safezone_4_Blob.Safezone_4_Blob,/Game/Campaign/CampaignArcs/BorderChanges/_common/FactionBorderMeshes/SafezoneTempFolder/Safezone_4.Safezone_4
411,"(Id="""")",None,None
412,"(Id="""")",None,None
413,"(Id=""MWFactionAsset:DavionKurita_1"")",None,None
414,"(Id="""")",None,None
415,"(Id=""MWFactionAsset:FWLCommercialHub"")",None,None
416,"(Id=""MWFactionAsset:RepairSystem_13"")",/Game/Campaign/CampaignArcs/BorderChanges/_common/FactionBorderMeshes/SafezoneTempFolder/SafezoneCollision/Safezone_13_Blob.Safezone_13_Blob,/Game/Campaign/CampaignArcs/BorderChanges/_common/FactionBorderMeshes/SafezoneTempFolder/Safezone_13.Safezone_13
417,"(Id=""MWFactionAsset:StewartCommonality"")",None,None
418,"(Id=""MWFactionAsset:LyranStrongholds"")",None,None
419,"(Id=""MWFactionAsset:RebeliousLyranTerritory"")",None,None
420,"(Id=""MWFactionAsset:LyranStrongholds"")",None,None
421,"(Id="""")",None,None
422,"(Id=""MWFactionAsset:RepairSystem_28"")",/Game/Campaign/CampaignArcs/BorderChanges/_common/FactionBorderMeshes/SafezoneTempFolder/SafezoneSection2/SafezoneCollision/Safezone9_Collision.Safezone9_Collision,/Game/Campaign/CampaignArcs/BorderChanges/_common/FactionBorderMeshes/SafezoneTempFolder/SafezoneSection2/Safezone9.Safezone9
423,"(Id="""")",None,None
424,"(Id="""")",None,None
425,"(Id="""")",None,None
426,"(Id="""")",None,None
427,"(Id=""MWFactionAsset:RashpurOwensInc"")",None,None
428,"(Id="""")",None,None
429,"(Id="""")",None,None
430,"(Id=""MWFactionAsset:KuritaDavion"")",None,None
431,"(Id=""MWFactionAsset:RepairSystem_20"")",None,None
432,"(Id="""")",None,None
433,"(Id="""")",None,None
434,"(Id=""MWFactionAsset:FWLCommercialHub"")",None,None
435,"(Id=""MWFactionAsset:RebeliousLyranTerritory"")",None,None
436,"(Id=""MWFactionAsset:SteinerMarikBorder"")",None,None
437,"(Id="""")",None,None
438,"(Id="""")",None,None
439,"(Id="""")",None,None
440,"(Id="""")",None,None
441,"(Id=""MWFactionAsset:TsinghaiCommonality"")",None,None
442,"(Id=""MWFactionAsset:SianCommonality"")",None,None
443,"(Id="""")",None,None
444,"(Id=""MWFactionAsset:RashpurOwensInc"")",None,None
445,"(Id=""MWFactionAsset:DavionBorder"")",None,None
446,"(Id="""")",None,None
447,"(Id="""")",None,None
448,"(Id="""")",None,None
449,"(Id=""MWFactionAsset:DavionKurita_1"")",None,None
450,"(Id="""")",None,None
451,"(Id="""")",None,None
452,"(Id=""MWFactionAsset:RebeliousLyranTerritory"")",None,None
453,"(Id=""MWFactionAsset:RepairSystem_12"")",None,None
454,"(Id=""MWFactionAsset:RebeliousLyranTerritory"")",None,None
455,"(Id="""")",None,None
456,"(Id=""MWFactionAsset:LyranStrongholds"")",None,None
457,"(Id=""MWFactionAsset:AgriculturalBelt"")",None,None
458,"(Id="""")",None,None
459,"(Id=""MWFactionAsset:RogueSystems"")",None,None
460,"(Id="""")",None,None
461,"(Id=""MWFactionAsset:RepairSystem_18"")",None,None
462,"(Id="""")",None,None
463,"(Id="""")",None,None
464,"(Id="""")",None,None
465,"(Id=""MWFactionAsset:DavionKurita_1"")",/Game/Campaign/CampaignArcs/Regions/5_1/5_1_Mesh.5_1_Mesh,None
466,"(Id="""")",None,None
467,"(Id="""")",None,None
468,"(Id=""MWFactionAsset:MercenaryRow"")",None,None
469,"(Id=""MWFactionAsset:RepairSystem_16"")",None,None
470,"(Id=""MWFactionAsset:FWLCommercialHub"")",None,None
471,"(Id=""MWFactionAsset:FWLCommercialHub"")",None,None
472,"(Id=""MWFactionAsset:RepairSystem_12"")",None,None
473,"(Id=""MWFactionAsset:RepairSystem_12"")",None,None
474,"(Id="""")",None,None
475,"(Id="""")",None,None
476,"(Id="""")",None,None
477,"(Id=""MWFactionAsset:SteinerBorder"")",None,None
478,"(Id=""MWFactionAsset:RepairSystem_10"")",None,None
479,"(Id=""MWFactionAsset:LowerClassWorlds"")",None,None
480,"(Id=""MWFactionAsset:TsinghaiCommonality"")",None,None
481,"(Id="""")",None,None
482,"(Id=""MWFactionAsset:StoryCluster2"")",None,None
483,"(Id=""MWFactionAsset:DavionBorder"")",None,None
484,"(Id="""")",None,None
485,"(Id="""")",None,None
486,"(Id=""MWFactionAsset:DavionKurita_1"")",None,None
487,"(Id=""MWFactionAsset:DavionKurita_1"")",None,None
488,"(Id="""")",None,None
489,"(Id="""")",None,None
490,"(Id=""MWFactionAsset:RepairSystem_20"")",None,None
491,"(Id="""")",None,None
492,"(Id="""")",None,None
493,"(Id=""MWFactionAsset:RepairSystem_6"")",None,None
494,"(Id="""")",None,None
495,"(Id=""MWFactionAsset:FWLCommercialHub"")",None,None
496,"(Id=""MWFactionAsset:SteinerMarikBorder"")",None,None
497,"(Id=""MWFactionAsset:SteinerMarikBorder"")",None,None
498,"(Id="""")",None,None
499,"(Id=""MWFactionAsset:RepairSystem_12"")",None,None
500,"(Id=""MWFactionAsset:RepairSystem_12"")",/Game/Campaign/CampaignArcs/BorderChanges/_common/FactionBorderMeshes/SafezoneTempFolder/SafezoneCollision/Safezone_11_Blob.Safezone_11_Blob,/Game/Campaign/CampaignArcs/BorderChanges/_common/FactionBorderMeshes/SafezoneTempFolder/Safezone_11.Safezone_11
501,"(Id="""")",None,None
502,"(Id=""MWFactionAsset:LyranStrongholds"")",None,None
503,"(Id=""MWFactionAsset:MarikLiaoBorder"")",None,None
504,"(Id="""")",None,None
505,"(Id="""")",None,None
506,"(Id="""")",None,None
507,"(Id=""MWFactionAsset:RepairSystem_18"")",None,None
508,"(Id=""MWFactionAsset:A2M1_Cluster"")",None,None
509,"(Id="""")",None,None
510,"(Id="""")",None,None
511,"(Id="""")",None,None
512,"(Id="""")",None,None
513,"(Id=""MWFactionAsset:DavionKurita_1"")",None,None
514,"(Id=""MWFactionAsset:RepairSystem_25"")",None,None
515,"(Id=""MWFactionAsset:TamarindAbbey"")",None,None
516,"(Id=""MWFactionAsset:TheJunkyard"")",None,None
517,"(Id="""")",None,None
518,"(Id=""MWFactionAsset:AgriculturalBelt"")",None,None
519,"(Id="""")",None,None
520,"(Id="""")",None,None
521,"(Id="""")",None,None
522,"(Id="""")",None,None
523,"(Id=""MWFactionAsset:SianCommonality"")",None,None
524,"(Id=""MWFactionAsset:TsinghaiCommonality"")",None,None
525,"(Id=""MWFactionAsset:A2M1_Cluster"")",None,None
526,"(Id="""")",None,None
527,"(Id="""")",None,None
528,"(Id=""MWFactionAsset:DavionKurita_1"")",None,None
529,"(Id="""")",None,None
530,"(Id=""MWFactionAsset:DavionKurita_1"")",None,None
531,"(Id=""MWFactionAsset:DavionKurita_1"")",None,None
532,"(Id="""")",None,None
533,"(Id="""")",None,None
534,"(Id=""MWFactionAsset:TheJunkyard"")",None,None
535,"(Id=""MWFactionAsset:TamarindAbbey"")",None,None
536,"(Id="""")",None,None
537,"(Id=""MWFactionAsset:RepairSystem_22"")",None,None
538,"(Id="""")",None,None
539,"(Id=""MWFactionAsset:StewartCommonality"")",None,None
540,"(Id=""MWFactionAsset:SteinerMarikBorder"")",None,None
541,"(Id=""MWFactionAsset:RebeliousLyranTerritory"")",None,None
542,"(Id=""MWFactionAsset:StewartCommonality"")",None,None
543,"(Id="""")",None,None
544,"(Id=""MWFactionAsset:LyranStrongholds"")",None,None
545,"(Id="""")",None,None
546,"(Id="""")",None,None
547,"(Id="""")",None,None
548,"(Id=""MWFactionAsset:StoryCluster4"")",None,None
549,"(Id=""MWFactionAsset:RepairSystem_17"")",/Game/Campaign/CampaignArcs/BorderChanges/_common/FactionBorderMeshes/SafezoneTempFolder/SafezoneCollision/Safezone_17_Blob.Safezone_17_Blob,/Game/Campaign/CampaignArcs/BorderChanges/_common/FactionBorderMeshes/SafezoneTempFolder/Safezone_17.Safezone_17
550,"(Id=""MWFactionAsset:SianCommonality"")",None,None
551,"(Id="""")",None,None
552,"(Id=""MWFactionAsset:RogueSystems"")",None,None
553,"(Id="""")",None,None
554,"(Id="""")",None,None
555,"(Id="""")",None,None
556,"(Id="""")",None,None
557,"(Id="""")",None,None
558,"(Id=""MWFactionAsset:A2M1_Cluster"")",None,None
559,"(Id=""MWFactionAsset:ShippingRoute"")",None,None
560,"(Id="""")",None,None
561,"(Id=""MWFactionAsset:RepairSystem_23"")",None,None
562,"(Id=""MWFactionAsset:DavionKurita_1"")",None,None
563,"(Id="""")",None,None
564,"(Id=""MWFactionAsset:DavionKurita_1"")",None,None
565,"(Id="""")",None,None
566,"(Id="""")",None,None
567,"(Id=""MWFactionAsset:IndustrialMiningCompany"")",None,None
568,"(Id=""MWFactionAsset:InfernosWake"")",None,None
569,"(Id=""MWFactionAsset:RepairSystem_22"")",None,None
570,"(Id="""")",None,None
571,"(Id="""")",None,None
572,"(Id="""")",None,None
573,"(Id="""")",None,None
574,"(Id=""MWFactionAsset:RogueSystems"")",None,None
575,"(Id=""MWFactionAsset:DavionBorder"")",None,None
576,"(Id="""")",None,None
577,"(Id="""")",None,None
578,"(Id=""MWFactionAsset:StewartCommonality"")",None,None
579,"(Id=""MWFactionAsset:StewartCommonality"")",None,None
580,"(Id=""MWFactionAsset:LyranStrongholds"")",None,None
581,"(Id=""MWFactionAsset:RepairSystem_15"")",None,None
582,"(Id="""")",None,None
583,"(Id=""MWFactionAsset:SteinerBorder"")",None,None
584,"(Id="""")",None,None
585,"(Id="""")",None,None
586,"(Id="""")",None,None
587,"(Id=""MWFactionAsset:RogueSystems"")",None,None
588,"(Id="""")",None,None
589,"(Id=""MWFactionAsset:RogueSystems"")",None,None
590,"(Id="""")",None,None
591,"(Id="""")",None,None
592,"(Id="""")",None,None
593,"(Id=""MWFactionAsset:RashpurOwensInc"")",None,None
594,"(Id=""MWFactionAsset:RepairSystem_18"")",None,None
595,"(Id=""MWFactionAsset:KuritaDavion"")",None,None
596,"(Id="""")",None,None
597,"(Id="""")",None,None
598,"(Id="""")",None,None
599,"(Id="""")",None,None
600,"(Id="""")",None,None
601,"(Id=""MWFactionAsset:RepairSystem_27"")",None,None
602,"(Id="""")",None,None
603,"(Id=""MWFactionAsset:MarikLiaoBorder"")",None,None
604,"(Id=""MWFactionAsset:SianCommonality"")",None,None
605,"(Id="""")",None,None
606,"(Id="""")",None,None
607,"(Id="""")",None,None
608,"(Id=""MWFactionAsset:A2M1_Cluster"")",None,None
609,"(Id="""")",None,None
610,"(Id=""MWFactionAsset:ShippingRoute"")",None,None
611,"(Id=""MWFactionAsset:TaurianCorridor"")",None,None
612,"(Id=""MWFactionAsset:DavionKurita_1"")",None,None
613,"(Id=""MWFactionAsset:InfernosWake"")",None,None
614,"(Id="""")",None,None
615,"(Id=""MWFactionAsset:RepairSystem_21"")",None,None
616,"(Id="""")",None,None
617,"(Id=""MWFactionAsset:MarikLiaoBorder"")",None,None
618,"(Id=""MWFactionAsset:KuritanBadlands"")",None,None
619,"(Id="""")",None,None
620,"(Id="""")",None,None
621,"(Id=""MWFactionAsset:FWLCommercialHub"")",None,None
622,"(Id=""MWFactionAsset:SianCommonality"")",None,None
623,"(Id=""MWFactionAsset:RepairSystem_20"")",None,None
624,"(Id="""")",None,None
625,"(Id="""")",None,None
626,"(Id="""")",None,None
627,"(Id=""MWFactionAsset:DavionBorder"")",None,None
628,"(Id="""")",None,None
629,"(Id=""MWFactionAsset:SteinerBorder"")",None,None
630,"(Id=""MWFactionAsset:TamarindAbbey"")",None,None
631,"(Id=""MWFactionAsset:SteinerMarikBorder"")",None,None
632,"(Id=""MWFactionAsset:MarikLiaoBorder"")",None,None
633,"(Id=""MWFactionAsset:IndustrialMiningCompany"")",None,None
634,"(Id=""MWFactionAsset:RepairSystem_20"")",None,None
635,"(Id="""")",None,None
636,"(Id=""MWFactionAsset:RashpurOwensInc"")",None,None
637,"(Id="""")",None,None
638,"(Id="""")",None,None
639,"(Id=""MWFactionAsset:StewartCommonality"")",None,None
640,"(Id=""MWFactionAsset:DroughtWorlds"")",None,None
641,"(Id="""")",None,None
642,"(Id="""")",None,None
643,"(Id=""MWFactionAsset:TamarindAbbey"")",None,None
644,"(Id=""MWFactionAsset:FWLCommercialHub"")",None,None
645,"(Id="""")",None,None
646,"(Id="""")",None,None
647,"(Id="""")",None,None
648,"(Id=""MWFactionAsset:FWLCommercialHub"")",None,None
649,"(Id=""MWFactionAsset:LyranStrongholds"")",None,None
650,"(Id=""MWFactionAsset:DavionBorder"")",/Game/Campaign/CampaignArcs/Regions/8_2/8_2.8_2,None
651,"(Id="""")",None,None
652,"(Id=""MWFactionAsset:FWLInterior"")",None,None
653,"(Id=""MWFactionAsset:MarikLiaoBorder"")",None,None
654,"(Id="""")",None,None
655,"(Id=""MWFactionAsset:DavionBorder"")",None,None
656,"(Id=""MWFactionAsset:TheJunkyard"")",None,None
657,"(Id=""MWFactionAsset:TheJunkyard"")",None,None
658,"(Id="""")",None,None
659,"(Id="""")",None,None
660,"(Id="""")",None,None
661,"(Id="""")",None,None
662,"(Id="""")",None,None
663,"(Id="""")",None,None
664,"(Id=""MWFactionAsset:SteinerBorder"")",None,None
665,"(Id="""")",None,None
666,"(Id=""MWFactionAsset:FWLShippingRoute"")",None,None
667,"(Id="""")",None,None
668,"(Id=""MWFactionAsset:MarikLiaoBorder"")",None,None
669,"(Id="""")",None,None
670,"(Id="""")",None,None
671,"(Id="""")",None,None
672,"(Id=""MWFactionAsset:PirateCluster"")",None,None
673,"(Id=""MWFactionAsset:AgriculturalBelt"")",None,None
674,"(Id=""MWFactionAsset:MarikLiaoBorder"")",None,None
675,"(Id=""MWFactionAsset:DutchyOfAndurien"")",None,None
676,"(Id=""MWFactionAsset:RepairSystem_20"")",None,None
677,"(Id=""MWFactionAsset:LowerClassWorlds"")",None,None
678,"(Id="""")",None,None
679,"(Id="""")",None,None
680,"(Id=""MWFactionAsset:IndustrialMiningCompany"")",None,None
681,"(Id="""")",None,None
682,"(Id="""")",None,None
683,"(Id=""MWFactionAsset:TaurianCorridor"")",None,None
684,"(Id="""")",None,None
685,"(Id=""MWFactionAsset:RepairSystem_14"")",None,None
686,"(Id="""")",None,None
687,"(Id=""MWFactionAsset:SteinerBorder"")",None,None
688,"(Id="""")",None,None
689,"(Id=""MWFactionAsset:DavionBorderlands"")",None,None
690,"(Id="""")",None,None
691,"(Id="""")",None,None
692,"(Id=""MWFactionAsset:StewartCommonality"")",None,None
693,"(Id="""")",None,None
694,"(Id="""")",None,None
695,"(Id="""")",None,None
696,"(Id=""MWFactionAsset:DavionBorderlands"")",None,None
697,"(Id=""MWFactionAsset:DropshipGraveyard"")",None,None
698,"(Id="""")",None,None
699,"(Id="""")",None,None
700,"(Id="""")",None,None
701,"(Id=""MWFactionAsset:FWLInterior"")",None,None
702,"(Id=""MWFactionAsset:LowerClassWorlds"")",None,None
703,"(Id=""MWFactionAsset:RepairSystem_20"")",None,None
704,"(Id="""")",None,None
705,"(Id="""")",None,None
706,"(Id="""")",None,None
707,"(Id="""")",None,None
708,"(Id="""")",None,None
709,"(Id="""")",None,None
710,"(Id=""MWFactionAsset:LowerClassWorlds"")",None,None
711,"(Id=""MWFactionAsset:RepairSystem_23"")",None,None
712,"(Id="""")",None,None
713,"(Id=""MWFactionAsset:RebeliousLyranTerritory"")",/Game/Campaign/CampaignArcs/Regions/11_2/11_2.11_2,None
714,"(Id="""")",None,None
715,"(Id="""")",None,None
716,"(Id=""MWFactionAsset:SteinerMarikBorder"")",None,None
717,"(Id="""")",None,None
718,"(Id=""MWFactionAsset:DropshipGraveyard"")",None,None
719,"(Id="""")",None,None
720,"(Id=""MWFactionAsset:RepairSystem_13"")",None,None
721,"(Id="""")",None,None
722,"(Id=""MWFactionAsset:LowerClassWorlds"")",None,None
723,"(Id=""MWFactionAsset:DropshipGraveyard"")",None,None
724,"(Id="""")",None,None
725,"(Id=""MWFactionAsset:DavionBorder"")",None,None
726,"(Id=""MWFactionAsset:InfernosWake"")",None,None
727,"(Id="""")",None,None
728,"(Id=""MWFactionAsset:SteinerBorder"")",None,None
729,"(Id=""MWFactionAsset:RepairSystem_11"")",None,None
730,"(Id="""")",None,None
731,"(Id="""")",None,None
732,"(Id="""")",None,None
733,"(Id=""MWFactionAsset:FWLInterior"")",None,None
734,"(Id=""MWFactionAsset:SianCommonality"")",None,None
735,"(Id="""")",None,None
736,"(Id="""")",None,None
737,"(Id=""MWFactionAsset:FWLInterior"")",None,None
738,"(Id="""")",None,None
739,"(Id="""")",None,None
740,"(Id=""MWFactionAsset:RepairSystem_22"")",None,None
741,"(Id="""")",None,None
742,"(Id=""MWFactionAsset:StoryCluster4"")",/Game/Campaign/CampaignArcs/Regions/StoryCluster_04/StoryCluster_4_STM.StoryCluster_4_STM,None
743,"(Id="""")",None,None
744,"(Id="""")",None,None
745,"(Id="""")",None,None
746,"(Id="""")",None,None
747,"(Id="""")",None,None
748,"(Id=""MWFactionAsset:RepairSystem_30"")",None,None
749,"(Id=""MWFactionAsset:StewartCommonality"")",None,None
750,"(Id=""MWFactionAsset:DutchyOfAndurien"")",None,None
751,"(Id=""MWFactionAsset:SteinerBorder"")",None,None
752,"(Id="""")",None,None
753,"(Id=""MWFactionAsset:MarikLiaoBorder"")",None,None
754,"(Id=""MWFactionAsset:RepairSystem_18"")",None,None
755,"(Id="""")",None,None
756,"(Id=""MWFactionAsset:DavionBorder"")",None,None
757,"(Id=""MWFactionAsset:AgriculturalBelt"")",None,None
758,"(Id="""")",None,None
759,"(Id="""")",None,None
760,"(Id=""MWFactionAsset:RepairSystem_23"")",None,None
761,"(Id="""")",None,None
762,"(Id="""")",None,None
763,"(Id="""")",None,None
764,"(Id=""MWFactionAsset:StewartCommonality"")",/Game/Campaign/CampaignArcs/Regions/11_1/11_1.11_1,None
765,"(Id=""MWFactionAsset:MarikLiaoBorder"")",/Game/Campaign/CampaignArcs/Regions/9_1/9_1.9_1,None
766,"(Id="""")",None,None
767,"(Id=""MWFactionAsset:RepairSystem_20"")",None,None
768,"(Id="""")",None,None
769,"(Id="""")",None,None
770,"(Id="""")",None,None
771,"(Id=""MWFactionAsset:RepairSystem_20"")",None,None
772,"(Id="""")",None,None
773,"(Id="""")",None,None
774,"(Id="""")",None,None
775,"(Id=""MWFactionAsset:LowerClassWorlds"")",None,None
776,"(Id=""MWFactionAsset:RepairSystem_23"")",/Game/Campaign/CampaignArcs/BorderChanges/_common/FactionBorderMeshes/SafezoneTempFolder/SafezoneSection2/SafezoneCollision/Safezone4_Collision.Safezone4_Collision,/Game/Campaign/CampaignArcs/BorderChanges/_common/FactionBorderMeshes/SafezoneTempFolder/SafezoneSection2/Safezone4.Safezone4
777,"(Id=""MWFactionAsset:KuritanBadlands"")",None,None
778,"(Id=""MWFactionAsset:KuritanBadlands"")",None,None
779,"(Id="""")",None,None
780,"(Id=""MWFactionAsset:FWLInterior"")",None,None
781,"(Id="""")",None,None
782,"(Id="""")",None,None
783,"(Id=""MWFactionAsset:RepairSystem_21"")",None,None
784,"(Id="""")",None,None
785,"(Id="""")",None,None
786,"(Id="""")",None,None
787,"(Id="""")",None,None
788,"(Id=""MWFactionAsset:RepairSystem_30"")",/Game/Campaign/CampaignArcs/Regions/EndgameClusters/30_Collision.30_Collision,/Game/Campaign/CampaignArcs/Regions/EndgameClusters/Safezone_30.Safezone_30
789,"(Id=""MWFactionAsset:RepairSystem_2"")",None,None
790,"(Id="""")",None,None
791,"(Id="""")",None,None
792,"(Id=""MWFactionAsset:StoryCluster2"")",None,None
793,"(Id=""MWFactionAsset:SteinerMarikBorder"")",None,None
794,"(Id=""MWFactionAsset:SteinerMarikBorder"")",None,None
795,"(Id="""")",None,None
796,"(Id="""")",None,None
797,"(Id="""")",None,None
798,"(Id="""")",None,None
799,"(Id="""")",None,None
800,"(Id="""")",None,None
801,"(Id="""")",None,None
802,"(Id=""MWFactionAsset:FWLCommercialHub"")",None,None
803,"(Id="""")",None,None
804,"(Id=""MWFactionAsset:DropshipGraveyard"")",None,None
805,"(Id="""")",None,None
806,"(Id="""")",None,None
807,"(Id="""")",None,None
808,"(Id=""MWFactionAsset:InfernosWake"")",None,None
809,"(Id=""MWFactionAsset:FWLInterior"")",None,None
810,"(Id="""")",None,None
811,"(Id="""")",None,None
812,"(Id="""")",None,None
813,"(Id=""MWFactionAsset:RepairSystem_14"")",None,None
814,"(Id="""")",None,None
815,"(Id="""")",None,None
816,"(Id=""MWFactionAsset:TamarindAbbey"")",None,None
817,"(Id="""")",None,None
818,"(Id="""")",None,None
819,"(Id=""MWFactionAsset:FWLCommercialHub"")",None,None
820,"(Id="""")",None,None
821,"(Id=""MWFactionAsset:LyranStrongholds"")",None,None
822,"(Id="""")",None,None
823,"(Id="""")",None,None
824,"(Id="""")",None,None
825,"(Id=""MWFactionAsset:RepairSystem_23"")",None,None
826,"(Id=""MWFactionAsset:RepairSystem_20"")",None,None
827,"(Id="""")",None,None
828,"(Id=""MWFactionAsset:RepairSystem_30"")",None,None
829,"(Id=""MWFactionAsset:InfernosWake"")",None,None
830,"(Id=""MWFactionAsset:MercenaryRow"")",None,None
831,"(Id="""")",None,None
832,"(Id=""MWFactionAsset:SteinerMarikBorder"")",None,None
833,"(Id=""MWFactionAsset:FWLInterior"")",None,None
834,"(Id=""MWFactionAsset:DropshipGraveyard"")",None,None
835,"(Id=""MWFactionAsset:RepairSystem_6"")",None,None
836,"(Id=""MWFactionAsset:RepairSystem_2"")",None,None
837,"(Id="""")",None,None
838,"(Id=""MWFactionAsset:RepairSystem_13"")",None,None
839,"(Id=""MWFactionAsset:FWLInterior"")",None,None
840,"(Id="""")",None,None
841,"(Id=""MWFactionAsset:RepairSystem_30"")",None,None
842,"(Id="""")",None,None
843,"(Id="""")",None,None
844,"(Id=""MWFactionAsset:LowerClassWorlds"")",None,None
845,"(Id="""")",None,None
846,"(Id=""MWFactionAsset:FWLCommercialHub"")",None,None
847,"(Id="""")",None,None
848,"(Id="""")",None,None
849,"(Id=""MWFactionAsset:RepairSystem_20"")",None,None
850,"(Id="""")",None,None
851,"(Id=""MWFactionAsset:RepairSystem_28"")",None,None
852,"(Id=""MWFactionAsset:RepairSystem_11"")",None,None
853,"(Id="""")",None,None
854,"(Id="""")",None,None
855,"(Id="""")",None,None
856,"(Id="""")",None,None
857,"(Id="""")",None,None
858,"(Id="""")",None,None
859,"(Id="""")",None,None
860,"(Id=""MWFactionAsset:FWLCommercialHub"")",None,None
861,"(Id="""")",None,None
862,"(Id=""MWFactionAsset:LyranStrongholds"")",None,None
863,"(Id="""")",None,None
864,"(Id="""")",None,None
865,"(Id=""MWFactionAsset:FWLCommercialHub"")",None,None
866,"(Id="""")",None,None
867,"(Id=""MWFactionAsset:RepairSystem_23"")",None,None
868,"(Id="""")",None,None
869,"(Id="""")",None,None
870,"(Id="""")",None,None
871,"(Id=""MWFactionAsset:MarikLiaoBorder"")",None,None
872,"(Id="""")",None,None
873,"(Id="""")",None,None
874,"(Id="""")",None,None
875,"(Id=""MWFactionAsset:PirateCluster"")",None,None
876,"(Id="""")",None,None
877,"(Id="""")",None,None
878,"(Id=""MWFactionAsset:RepairSystem_16"")",None,None
879,"(Id=""MWFactionAsset:RepairSystem_16"")",None,None
880,"(Id="""")",None,None
881,"(Id=""MWFactionAsset:DroughtWorlds"")",None,None
882,"(Id="""")",None,None
883,"(Id="""")",None,None
884,"(Id="""")",None,None
885,"(Id=""MWFactionAsset:DutchyOfAndurien"")",None,None
886,"(Id=""MWFactionAsset:KuritanBadlands"")",None,None
887,"(Id="""")",None,None
888,"(Id="""")",None,None
889,"(Id=""MWFactionAsset:DropshipGraveyard"")",None,None
890,"(Id="""")",None,None
891,"(Id="""")",None,None
892,"(Id=""MWFactionAsset:FWLShippingRoute"")",None,None
893,"(Id="""")",None,None
894,"(Id=""MWFactionAsset:DutchyOfAndurien"")",None,None
895,"(Id="""")",None,None
896,"(Id=""MWFactionAsset:TaurianCorridor"")",None,None
897,"(Id="""")",None,None
898,"(Id="""")",None,None
899,"(Id="""")",None,None
900,"(Id=""MWFactionAsset:DutchyOfAndurien"")",None,None
901,"(Id=""MWFactionAsset:FWLShippingRoute"")",None,None
902,"(Id="""")",None,None
903,"(Id=""MWFactionAsset:TaurianCorridor"")",None,None
904,"(Id="""")",None,None
905,"(Id="""")",None,None
906,"(Id=""MWFactionAsset:TaurianCorridor"")",None,None
907,"(Id="""")",None,None
908,"(Id="""")",None,None
909,"(Id=""MWFactionAsset:PirateCluster"")",None,None
910,"(Id=""MWFactionAsset:RepairSystem_25"")",None,None
911,"(Id=""MWFactionAsset:RepairSystem_1"")",/Game/Campaign/CampaignArcs/BorderChanges/_common/FactionBorderMeshes/SafezoneTempFolder/SafezoneCollision/Safezone_1_Blob.Safezone_1_Blob,/Game/Campaign/CampaignArcs/BorderChanges/_common/FactionBorderMeshes/SafezoneTempFolder/Safezone_1.Safezone_1
912,"(Id="""")",None,None
913,"(Id=""MWFactionAsset:DutchyOfAndurien"")",None,None
914,"(Id="""")",None,None
915,"(Id="""")",None,None
916,"(Id=""MWFactionAsset:PirateCluster"")",None,None
917,"(Id="""")",None,None
918,"(Id=""MWFactionAsset:StoryCluster6"")",None,None
919,"(Id=""MWFactionAsset:TaurianCorridor"")",None,None
920,"(Id=""MWFactionAsset:RepairSystem_20"")",None,None
921,"(Id="""")",None,None
922,"(Id="""")",None,None
923,"(Id="""")",None,None
924,"(Id=""MWFactionAsset:PirateCluster"")",None,None
925,"(Id=""MWFactionAsset:PirateCluster"")",/Game/Campaign/CampaignArcs/Regions/12_4/12_4.12_4,None
926,"(Id=""MWFactionAsset:PirateCluster"")",None,None
927,"(Id=""MWFactionAsset:PirateCluster"")",None,None
928,"(Id="""")",None,None
929,"(Id="""")",None,None
930,"(Id="""")",None,None
931,"(Id=""MWFactionAsset:TaurianCorridor"")",/Game/Campaign/CampaignArcs/Regions/EndgameClusters/15_4.15_4,None
932,"(Id="""")",None,None
933,"(Id=""MWFactionAsset:RasalagueReaches"")",None,None
934,"(Id=""MWFactionAsset:TaurianCorridor"")",None,None
935,"(Id="""")",None,None
936,"(Id="""")",None,None
937,"(Id=""MWFactionAsset:TaurianCorridor"")",None,None
938,"(Id="""")",None,None
939,"(Id="""")",None,None
940,"(Id="""")",None,None
941,"(Id="""")",None,None
942,"(Id=""MWFactionAsset:TaurianCorridor"")",None,None
943,"(Id="""")",None,None
944,"(Id="""")",None,None
945,"(Id="""")",None,None
946,"(Id="""")",None,None
947,"(Id="""")",None,None
948,"(Id=""MWFactionAsset:TaurianCorridor"")",None,None
949,"(Id="""")",None,None
950,"(Id="""")",None,None
951,"(Id="""")",None,None
952,"(Id=""MWFactionAsset:RasalagueReaches"")",None,None
953,"(Id="""")",None,None
954,"(Id="""")",None,None
955,"(Id="""")",None,None
956,"(Id=""MWFactionAsset:TaurianCorridor"")",None,None
957,"(Id="""")",None,None
958,"(Id="""")",None,None
959,"(Id="""")",None,None
960,"(Id=""MWFactionAsset:AlarionPeriphery"")",None,None
961,"(Id="""")",None,None
962,"(Id=""MWFactionAsset:RepairSystem_9"")",/Game/Campaign/CampaignArcs/BorderChanges/_common/FactionBorderMeshes/SafezoneTempFolder/SafezoneCollision/Safezone_8_Blob.Safezone_8_Blob,/Game/Campaign/CampaignArcs/BorderChanges/_common/FactionBorderMeshes/SafezoneTempFolder/Safezone_8.Safezone_8
963,"(Id="""")",None,None
964,"(Id=""MWFactionAsset:TaurianCorridor"")",None,None
965,"(Id=""MWFactionAsset:DutchyOfAndurien"")",None,None
968,"(Id="""")",None,None
969,"(Id=""MWFactionAsset:RepairSystem_5"")",None,None
971,"(Id=""MWFactionAsset:PirateCluster"")",None,None
978,"(Id=""MWFactionAsset:TaurianCorridor"")",None,None
979,"(Id=""MWFactionAsset:TaurianCorridor"")",None,None
980,"(Id=""MWFactionAsset:TaurianCorridor"")",None,None
981,"(Id=""MWFactionAsset:StoryCluster2"")",None,None
982,"(Id=""MWFactionAsset:DutchyOfAndurien"")",None,None
983,"(Id=""MWFactionAsset:DutchyOfAndurien"")",None,None
984,"(Id=""MWFactionAsset:RepairSystem_22"")",/Game/Campaign/CampaignArcs/BorderChanges/_common/FactionBorderMeshes/SafezoneTempFolder/SafezoneSection2/SafezoneCollision/Safezone3_Collision.Safezone3_Collision,/Game/Campaign/CampaignArcs/BorderChanges/_common/FactionBorderMeshes/SafezoneTempFolder/SafezoneSection2/Safezone3.Safezone3
985,"(Id=""MWFactionAsset:RepairSystem_28"")",None,None
986,"(Id="""")",None,None
987,"(Id="""")",None,None
988,"(Id="""")",None,None
989,"(Id="""")",None,None
990,"(Id=""MWFactionAsset:RasalagueReaches"")",None,None
991,"(Id=""MWFactionAsset:InfernosWake"")",None,None
992,"(Id=""MWFactionAsset:SteinerMarikBorder"")",None,None
993,"(Id=""MWFactionAsset:RepairSystem_11"")",None,None
994,"(Id=""MWFactionAsset:TheJunkyard"")",None,None
995,"(Id=""MWFactionAsset:SteinerMarikBorder"")",None,None
996,"(Id=""MWFactionAsset:RepairSystem_16"")",/Game/Campaign/CampaignArcs/BorderChanges/_common/FactionBorderMeshes/SafezoneTempFolder/SafezoneCollision/Safezone_15_Blob.Safezone_15_Blob,/Game/Campaign/CampaignArcs/BorderChanges/_common/FactionBorderMeshes/SafezoneTempFolder/Safezone_15.Safezone_15
997,"(Id="""")",None,None
998,"(Id="""")",None,None
999,"(Id="""")",None,None
1000,"(Id=""MWFactionAsset:StoryCluster4"")",None,None
1001,"(Id=""MWFactionAsset:RepairSystem_24"")",None,None
1002,"(Id="""")",None,None
1003,"(Id="""")",None,None
1004,"(Id="""")",None,None
1005,"(Id=""MWFactionAsset:DavionBorderlands"")",None,None
1006,"(Id="""")",None,None
1007,"(Id=""MWFactionAsset:StoryCluster2"")",None,None
1008,"(Id="""")",None,None
1009,"(Id="""")",None,None
1010,"(Id="""")",None,None
1011,"(Id="""")",None,None
1012,"(Id="""")",None,None
1013,"(Id="""")",None,None
1014,"(Id=""MWFactionAsset:RepairSystem_20"")",None,None
1015,"(Id="""")",None,None
1016,"(Id="""")",None,None
1017,"(Id="""")",None,None
1018,"(Id=""MWFactionAsset:OutworldsBorder"")",None,None
1019,"(Id="""")",None,None
1020,"(Id=""MWFactionAsset:OutworldsBorder"")",None,None
1021,"(Id="""")",None,None
1022,"(Id=""MWFactionAsset:OutworldsBorder"")",None,None
1023,"(Id="""")",None,None
1024,"(Id="""")",None,None
1025,"(Id=""MWFactionAsset:EmptyWorlds"")",None,None
1026,"(Id=""MWFactionAsset:EmptyWorlds"")",/Game/Campaign/CampaignArcs/Regions/9_2/9_2.9_2,None
1027,"(Id=""MWFactionAsset:EmptyWorlds"")",None,None
1028,"(Id=""MWFactionAsset:TaurianCorridor"")",None,None
1029,"(Id="""")",None,None
1030,"(Id="""")",None,None
1031,"(Id="""")",None,None
1032,"(Id="""")",None,None
1033,"(Id="""")",None,None
1034,"(Id="""")",None,None
1035,"(Id=""MWFactionAsset:OutworldsBorder"")",/Game/Campaign/CampaignArcs/Regions/EndgameClusters/15_1.15_1,None
1039,"(Id="""")",None,None
1040,"(Id="""")",None,None
1041,"(Id=""MWFactionAsset:TaurianCorridor"")",None,None
1042,"(Id="""")",None,None
1043,"(Id=""MWFactionAsset:OutworldsBorder"")",None,None
1044,"(Id=""MWFactionAsset:OutworldsBorder"")",None,None
1045,"(Id=""MWFactionAsset:OutworldsBorder"")",None,None
1046,"(Id=""MWFactionAsset:OutworldsBorder"")",None,None
1047,"(Id=""MWFactionAsset:OutworldsBorder"")",None,None
1048,"(Id="""")",None,None
1049,"(Id=""MWFactionAsset:RepairSystem_1"")",None,None
1050,"(Id="""")",None,None
1051,"(Id=""MWFactionAsset:TaurianCorridor"")",None,None
1052,"(Id="""")",None,None
1053,"(Id=""MWFactionAsset:TaurianCorridor"")",None,None
1054,"(Id="""")",None,None
1055,"(Id=""MWFactionAsset:OutworldsBorder"")",None,None
1056,"(Id=""MWFactionAsset:OutworldsBorder"")",None,None
1057,"(Id=""MWFactionAsset:RepairSystem_1"")",None,None
1058,"(Id="""")",None,None
1059,"(Id="""")",None,None
1060,"(Id="""")",None,None
1061,"(Id="""")",None,None
1062,"(Id=""MWFactionAsset:TaurianCorridor"")",None,None
1063,"(Id="""")",None,None
1064,"(Id="""")",None,None
1065,"(Id="""")",None,None
1066,"(Id=""MWFactionAsset:StoryCluster4"")",None,None
1067,"(Id="""")",None,None
1068,"(Id="""")",None,None
1069,"(Id="""")",None,None
1070,"(Id="""")",None,None
1071,"(Id="""")",None,None
1072,"(Id="""")",None,None
1073,"(Id=""MWFactionAsset:DroughtWorlds"")",None,None
1074,"(Id="""")",None,None
1075,"(Id="""")",None,None
1076,"(Id="""")",None,None
1082,"(Id="""")",None,None
1084,"(Id="""")",None,None
1085,"(Id="""")",None,None
1086,"(Id="""")",None,None
1087,"(Id="""")",None,None
1088,"(Id="""")",None,None
1091,"(Id="""")",None,None
1092,"(Id="""")",None,None
1093,"(Id="""")",None,None
1094,"(Id="""")",None,None
1095,"(Id="""")",None,None
1096,"(Id="""")",None,None
1097,"(Id="""")",None,None
1098,"(Id="""")",None,None
1099,"(Id="""")",None,None
1100,"(Id="""")",None,None
1101,"(Id="""")",None,None
1102,"(Id="""")",None,None
1103,"(Id="""")",None,None
1104,"(Id=""MWFactionAsset:TaurianCorridor"")",None,None
1105,"(Id="""")",None,None
1106,"(Id="""")",None,None
1107,"(Id="""")",None,None
1108,"(Id="""")",None,None
1109,"(Id="""")",None,None
1110,"(Id="""")",None,None
1111,"(Id="""")",None,None
1112,"(Id="""")",None,None
1113,"(Id="""")",None,None
1114,"(Id="""")",None,None
1115,"(Id="""")",None,None
1116,"(Id="""")",None,None
1117,"(Id="""")",None,None
1118,"(Id="""")",None,None
1119,"(Id="""")",None,None
1120,"(Id="""")",None,None
1121,"(Id="""")",None,None
1122,"(Id=""MWFactionAsset:TaurianCorridor"")",None,None
1123,"(Id=""MWFactionAsset:TaurianCorridor"")",None,None
1124,"(Id="""")",None,None
1125,"(Id="""")",None,None
1126,"(Id="""")",None,None
1127,"(Id=""MWFactionAsset:TaurianCorridor"")",None,None
1128,"(Id="""")",None,None
1129,"(Id=""MWFactionAsset:OutworldsBorder"")",None,None
1130,"(Id=""MWFactionAsset:StoryCluster5"")",None,None
1131,"(Id="""")",None,None
1132,"(Id="""")",None,None
1133,"(Id="""")",None,None
1134,"(Id="""")",None,None
1135,"(Id="""")",None,None
1136,"(Id="""")",None,None
1137,"(Id="""")",None,None
1138,"(Id="""")",None,None
1139,"(Id=""MWFactionAsset:OutworldsBorder"")",None,None
1140,"(Id="""")",None,None
1141,"(Id="""")",None,None
1142,"(Id="""")",None,None
1143,"(Id=""MWFactionAsset:A2M1_Cluster"")",None,None
1144,"(Id=""MWFactionAsset:OutworldsBorder"")",None,None
1145,"(Id="""")",None,None
1146,"(Id=""MWFactionAsset:TaurianCorridor"")",None,None
1147,"(Id="""")",None,None
1148,"(Id=""MWFactionAsset:TaurianCorridor"")",None,None
1149,"(Id="""")",None,None
1178,"(Id=""MWFactionAsset:AlarionPeriphery"")",None,None
1179,"(Id=""MWFactionAsset:AlarionPeriphery"")",None,None
1180,"(Id=""MWFactionAsset:InfernosWake"")",None,None
1181,"(Id=""MWFactionAsset:AlarionPeriphery"")",None,None
1182,"(Id=""MWFactionAsset:AlarionPeriphery"")",None,None
1183,"(Id="""")",None,None
1184,"(Id="""")",None,None
1185,"(Id="""")",None,None
1187,"(Id=""MWFactionAsset:AlarionPeriphery"")",None,None
1188,"(Id="""")",None,None
1189,"(Id=""MWFactionAsset:AlarionPeriphery"")",None,None
1190,"(Id=""MWFactionAsset:RepairSystem_31"")",None,None
1191,"(Id=""MWFactionAsset:AlarionPeriphery"")",/Game/Campaign/CampaignArcs/Regions/EndgameClusters/15_2.15_2,None
1192,"(Id="""")",None,None
1193,"(Id=""MWFactionAsset:AlarionPeriphery"")",None,None
1194,"(Id="""")",None,None
1195,"(Id=""MWFactionAsset:AlarionPeriphery"")",None,None
1196,"(Id=""MWFactionAsset:AlarionPeriphery"")",None,None
1197,"(Id="""")",None,None
1198,"(Id=""MWFactionAsset:AlarionPeriphery"")",None,None
1199,"(Id="""")",None,None
1200,"(Id="""")",None,None
1201,"(Id=""MWFactionAsset:RepairSystem_31"")",None,None
1202,"(Id="""")",None,None
1203,"(Id=""MWFactionAsset:RepairSystem_31"")",/Game/Campaign/CampaignArcs/Regions/EndgameClusters/31_Collision.31_Collision,/Game/Campaign/CampaignArcs/Regions/EndgameClusters/Safezone_31.Safezone_31
1204,"(Id="""")",None,None
1205,"(Id=""MWFactionAsset:AlarionPeriphery"")",None,None
1206,"(Id=""MWFactionAsset:AlarionPeriphery"")",None,None
1207,"(Id="""")",None,None
1208,"(Id=""MWFactionAsset:AlarionPeriphery"")",None,None
1209,"(Id=""MWFactionAsset:RepairSystem_31"")",None,None
1210,"(Id="""")",None,None
1211,"(Id=""MWFactionAsset:AlarionPeriphery"")",None,None
1212,"(Id=""MWFactionAsset:AlarionPeriphery"")",None,None
1213,"(Id="""")",None,None
1214,"(Id="""")",None,None
1215,"(Id="""")",None,None
1216,"(Id=""MWFactionAsset:AlarionPeriphery"")",None,None
1217,"(Id="""")",None,None
1218,"(Id="""")",None,None
1219,"(Id="""")",None,None
1220,"(Id="""")",None,None
1221,"(Id=""MWFactionAsset:AlarionPeriphery"")",None,None
1222,"(Id="""")",None,None
1223,"(Id="""")",None,None
1224,"(Id="""")",None,None
1225,"(Id="""")",None,None
1226,"(Id=""MWFactionAsset:AlarionPeriphery"")",None,None
1227,"(Id="""")",None,None
1228,"(Id="""")",None,None
1229,"(Id="""")",None,None
1230,"(Id=""MWFactionAsset:RepairSystem_24"")",None,None
1231,"(Id="""")",None,None
1233,"(Id="""")",None,None
1234,"(Id="""")",None,None
1235,"(Id="""")",None,None
1236,"(Id="""")",None,None
1237,"(Id="""")",None,None
1238,"(Id=""MWFactionAsset:RepairSystem_24"")",None,None
1239,"(Id="""")",None,None
1241,"(Id="""")",None,None
1242,"(Id="""")",None,None
1243,"(Id="""")",None,None
1244,"(Id=""MWFactionAsset:AlarionPeriphery"")",None,None
1245,"(Id="""")",None,None
1246,"(Id="""")",None,None
1247,"(Id="""")",None,None
1248,"(Id=""MWFactionAsset:RepairSystem_24"")",None,None
1249,"(Id="""")",None,None
1250,"(Id="""")",None,None
1251,"(Id="""")",None,None
1252,"(Id="""")",None,None
1253,"(Id="""")",None,None
1254,"(Id="""")",None,None
1255,"(Id="""")",None,None
1256,"(Id="""")",None,None
1257,"(Id="""")",None,None
1258,"(Id="""")",None,None
1259,"(Id="""")",None,None
1260,"(Id="""")",None,None
1261,"(Id="""")",None,None
1262,"(Id="""")",None,None
1263,"(Id=""MWFactionAsset:RepairSystem_24"")",/Game/Campaign/CampaignArcs/BorderChanges/_common/FactionBorderMeshes/SafezoneTempFolder/SafezoneSection2/SafezoneCollision/Safezone5_Collision.Safezone5_Collision,/Game/Campaign/CampaignArcs/BorderChanges/_common/FactionBorderMeshes/SafezoneTempFolder/SafezoneSection2/Safezone5.Safezone5
1264,"(Id="""")",None,None
1265,"(Id="""")",None,None
1266,"(Id="""")",None,None
1267,"(Id="""")",None,None
1268,"(Id="""")",None,None
1269,"(Id=""MWFactionAsset:FWLShippingRoute"")",None,None
1270,"(Id="""")",None,None
1271,"(Id="""")",None,None
1272,"(Id="""")",None,None
1273,"(Id="""")",None,None
1274,"(Id="""")",None,None
1275,"(Id="""")",None,None
1276,"(Id="""")",None,None
1277,"(Id="""")",None,None
1278,"(Id="""")",None,None
1279,"(Id="""")",None,None
1280,"(Id="""")",None,None
1282,"(Id="""")",None,None
1283,"(Id="""")",None,None
1284,"(Id="""")",None,None
1285,"(Id="""")",None,None
1286,"(Id=""MWFactionAsset:FWLShippingRoute"")",None,None
1287,"(Id="""")",None,None
1288,"(Id="""")",None,None
1289,"(Id="""")",None,None
1290,"(Id="""")",None,None
1291,"(Id="""")",None,None
1292,"(Id="""")",None,None
1293,"(Id="""")",None,None
1294,"(Id="""")",None,None
1295,"(Id="""")",None,None
1296,"(Id="""")",None,None
1297,"(Id=""MWFactionAsset:RepairSystem_24"")",None,None
1298,"(Id="""")",None,None
1299,"(Id="""")",None,None
1300,"(Id="""")",None,None
1301,"(Id="""")",None,None
1302,"(Id="""")",None,None
1303,"(Id="""")",None,None
1304,"(Id="""")",None,None
1305,"(Id="""")",None,None
1306,"(Id=""MWFactionAsset:FWLShippingRoute"")",None,None
1307,"(Id="""")",None,None
1308,"(Id="""")",None,None
1309,"(Id=""MWFactionAsset:FWLShippingRoute"")",/Game/Campaign/CampaignArcs/Regions/10_1/10_1.10_1,None
1310,"(Id="""")",None,None
1311,"(Id="""")",None,None
1312,"(Id=""MWFactionAsset:TheJunkyard"")",None,None
1313,"(Id="""")",None,None
1314,"(Id="""")",None,None
1315,"(Id="""")",None,None
1316,"(Id="""")",None,None
1317,"(Id="""")",None,None
1318,"(Id=""MWFactionAsset:FWLShippingRoute"")",None,None
1319,"(Id="""")",None,None
1320,"(Id="""")",None,None
1321,"(Id="""")",None,None
1322,"(Id="""")",None,None
1323,"(Id="""")",None,None
1324,"(Id="""")",None,None
1325,"(Id=""MWFactionAsset:TheJunkyard"")",None,None
1326,"(Id="""")",None,None
1327,"(Id=""MWFactionAsset:FWLShippingRoute"")",None,None
1328,"(Id=""MWFactionAsset:RepairSystem_14"")",None,None
1329,"(Id="""")",None,None
1330,"(Id=""MWFactionAsset:FWLShippingRoute"")",None,None
1331,"(Id="""")",None,None
1332,"(Id=""MWFactionAsset:TheJunkyard"")",None,None
1333,"(Id="""")",None,None
1334,"(Id="""")",None,None
1335,"(Id="""")",None,None
1336,"(Id="""")",None,None
1337,"(Id="""")",None,None
1338,"(Id="""")",None,None
1339,"(Id=""MWFactionAsset:FWLShippingRoute"")",None,None
1340,"(Id="""")",None,None
1341,"(Id="""")",None,None
1342,"(Id="""")",None,None
1343,"(Id=""MWFactionAsset:FWLShippingRoute"")",None,None
1344,"(Id="""")",None,None
1345,"(Id=""MWFactionAsset:TheJunkyard"")",None,None
1346,"(Id=""MWFactionAsset:TamarindAbbey"")",None,None
1347,"(Id="""")",None,None
1348,"(Id=""MWFactionAsset:TheJunkyard"")",/Game/Campaign/CampaignArcs/MetagameObjectives/CampaignClusters/A2M2.A2M2,None
1349,"(Id="""")",None,None
1350,"(Id="""")",None,None
1351,"(Id="""")",None,None
1352,"(Id="""")",None,None
1353,"(Id="""")",None,None
1354,"(Id=""MWFactionAsset:RepairSystem_14"")",/Game/Campaign/CampaignArcs/BorderChanges/_common/FactionBorderMeshes/SafezoneTempFolder/SafezoneCollision/Safezone_12_Blob.Safezone_12_Blob,/Game/Campaign/CampaignArcs/BorderChanges/_common/FactionBorderMeshes/SafezoneTempFolder/Safezone_12.Safezone_12
1355,"(Id="""")",None,None
1356,"(Id="""")",None,None
1357,"(Id="""")",None,None
1358,"(Id=""MWFactionAsset:TamarindAbbey"")",None,None
1359,"(Id=""MWFactionAsset:TamarindAbbey"")",None,None
1360,"(Id="""")",None,None
1361,"(Id="""")",None,None
1362,"(Id="""")",None,None
1363,"(Id="""")",None,None
1364,"(Id="""")",None,None
1365,"(Id="""")",None,None
1366,"(Id=""MWFactionAsset:RepairSystem_14"")",None,None
1369,"(Id="""")",None,None
1370,"(Id="""")",None,None
1371,"(Id="""")",None,None
1372,"(Id=""MWFactionAsset:TheJunkyard"")",None,None
1373,"(Id="""")",None,None
1374,"(Id="""")",None,None
1375,"(Id="""")",None,None
1376,"(Id="""")",None,None
1377,"(Id=""MWFactionAsset:TamarindAbbey"")",/Game/Campaign/CampaignArcs/Regions/10_2/10_2.10_2,None
1378,"(Id="""")",None,None
1379,"(Id=""MWFactionAsset:TheJunkyard"")",None,None
1380,"(Id="""")",None,None
1381,"(Id="""")",None,None
1382,"(Id="""")",None,None
1383,"(Id="""")",None,None
1384,"(Id="""")",None,None
1385,"(Id="""")",None,None
1386,"(Id="""")",None,None
1387,"(Id="""")",None,None
1388,"(Id="""")",None,None
1389,"(Id="""")",None,None
1390,"(Id=""MWFactionAsset:TheJunkyard"")",None,None
1391,"(Id="""")",None,None
1392,"(Id="""")",None,None
1393,"(Id=""MWFactionAsset:TamarindAbbey"")",None,None
1394,"(Id=""MWFactionAsset:FWLCommercialHub"")",None,None
1395,"(Id="""")",None,None
1396,"(Id="""")",None,None
1397,"(Id="""")",None,None
1398,"(Id="""")",None,None
1399,"(Id="""")",None,None
1401,"(Id="""")",None,None
1402,"(Id="""")",None,None
1403,"(Id="""")",None,None
1404,"(Id="""")",None,None
1405,"(Id="""")",None,None
1406,"(Id="""")",None,None
1407,"(Id="""")",None,None
1408,"(Id="""")",None,None
1409,"(Id="""")",None,None
1410,"(Id="""")",None,None
1411,"(Id="""")",None,None
1412,"(Id=""MWFactionAsset:FWLCommercialHub"")",None,None
1413,"(Id="""")",None,None
1414,"(Id=""MWFactionAsset:RebeliousLyranTerritory"")",None,None
1415,"(Id="""")",None,None
1416,"(Id="""")",None,None
1417,"(Id="""")",None,None
1418,"(Id="""")",None,None
1419,"(Id="""")",None,None
1420,"(Id=""MWFactionAsset:RepairSystem_22"")",None,None
1421,"(Id=""MWFactionAsset:RepairSystem_22"")",None,None
1422,"(Id="""")",None,None
1423,"(Id="""")",None,None
1424,"(Id="""")",None,None
1425,"(Id="""")",None,None
1426,"(Id="""")",None,None
1427,"(Id=""MWFactionAsset:RebeliousLyranTerritory"")",None,None
1428,"(Id="""")",None,None
1429,"(Id="""")",None,None
1430,"(Id="""")",None,None
1431,"(Id="""")",None,None
1432,"(Id=""MWFactionAsset:LowerClassWorlds"")",None,None
1433,"(Id="""")",None,None
1434,"(Id="""")",None,None
1435,"(Id="""")",None,None
1436,"(Id=""MWFactionAsset:RebeliousLyranTerritory"")",None,None
1437,"(Id="""")",None,None
1438,"(Id="""")",None,None
1439,"(Id="""")",None,None
1440,"(Id="""")",None,None
1441,"(Id="""")",None,None
1442,"(Id="""")",None,None
1443,"(Id="""")",None,None
1444,"(Id="""")",None,None
1445,"(Id=""MWFactionAsset:RepairSystem_22"")",None,None
1446,"(Id="""")",None,None
1447,"(Id=""MWFactionAsset:RepairSystem_22"")",None,None
1448,"(Id="""")",None,None
1449,"(Id="""")",None,None
1450,"(Id="""")",None,None
1451,"(Id="""")",None,None
1452,"(Id="""")",None,None
1453,"(Id=""MWFactionAsset:RepairSystem_21"")",/Game/Campaign/CampaignArcs/BorderChanges/_common/FactionBorderMeshes/SafezoneTempFolder/SafezoneSection2/SafezoneCollision/Safezone2_Collision.Safezone2_Collision,/Game/Campaign/CampaignArcs/BorderChanges/_common/FactionBorderMeshes/SafezoneTempFolder/SafezoneSection2/Safezone2.Safezone2
1454,"(Id="""")",None,None
1455,"(Id="""")",None,None
1456,"(Id="""")",None,None
1457,"(Id="""")",None,None
1458,"(Id="""")",None,None
1459,"(Id="""")",None,None
1460,"(Id="""")",None,None
1461,"(Id="""")",None,None
1462,"(Id="""")",None,None
1463,"(Id="""")",None,None
1464,"(Id="""")",None,None
1465,"(Id=""MWFactionAsset:FWLInterior"")",None,None
1466,"(Id="""")",None,None
1467,"(Id=""MWFactionAsset:RepairSystem_22"")",None,None
1468,"(Id="""")",None,None
1469,"(Id="""")",None,None
1470,"(Id=""MWFactionAsset:FWLInterior"")",None,None
1471,"(Id="""")",None,None
1472,"(Id=""MWFactionAsset:SteinerMarikBorder"")",None,None
1473,"(Id="""")",None,None
1474,"(Id=""MWFactionAsset:SteinerMarikBorder"")",/Game/Campaign/CampaignArcs/Regions/10_3/10_3.10_3,None
1475,"(Id=""MWFactionAsset:FWLInterior"")",None,None
1477,"(Id="""")",None,None
1478,"(Id="""")",None,None
1479,"(Id=""MWFactionAsset:StewartCommonality"")",None,None
1480,"(Id="""")",None,None
1481,"(Id="""")",None,None
1482,"(Id="""")",None,None
1483,"(Id="""")",None,None
1484,"(Id="""")",None,None
1485,"(Id="""")",None,None
1486,"(Id=""MWFactionAsset:FWLInterior"")",None,None
1487,"(Id=""MWFactionAsset:FWLInterior"")",None,None
1488,"(Id="""")",None,None
1489,"(Id="""")",None,None
1490,"(Id=""MWFactionAsset:LyranStrongholds"")",None,None
1491,"(Id="""")",None,None
1492,"(Id=""MWFactionAsset:FWLInterior"")",None,None
1493,"(Id="""")",None,None
1494,"(Id=""MWFactionAsset:PirateCluster"")",None,None
1495,"(Id="""")",None,None
1496,"(Id="""")",None,None
1498,"(Id="""")",None,None
1499,"(Id=""MWFactionAsset:StoryCluster3"")",None,None
1500,"(Id="""")",None,None
1501,"(Id="""")",None,None
1502,"(Id="""")",None,None
1503,"(Id=""MWFactionAsset:FWLInterior"")",/Game/Campaign/CampaignArcs/Regions/9_4/9_4.9_4,None
1504,"(Id="""")",None,None
1505,"(Id="""")",None,None
1506,"(Id=""MWFactionAsset:LyranStrongholds"")",None,None
1507,"(Id="""")",None,None
1508,"(Id="""")",None,None
1509,"(Id="""")",None,None
1510,"(Id="""")",None,None
1511,"(Id=""MWFactionAsset:StoryCluster3"")",/Game/Campaign/CampaignArcs/Regions/StoryCluster_03/StoryMixer_3_STM.StoryMixer_3_STM,None
1512,"(Id=""MWFactionAsset:FWLInterior"")",None,None
1513,"(Id="""")",None,None
1514,"(Id="""")",None,None
1515,"(Id=""MWFactionAsset:RebeliousLyranTerritory"")",None,None
1516,"(Id=""MWFactionAsset:EmptyWorlds"")",None,None
1517,"(Id=""MWFactionAsset:EmptyWorlds"")",None,None
1518,"(Id="""")",None,None
1519,"(Id="""")",None,None
1520,"(Id="""")",None,None
1522,"(Id="""")",None,None
1523,"(Id=""MWFactionAsset:PirateCluster"")",None,None
1524,"(Id="""")",None,None
1526,"(Id="""")",None,None
1527,"(Id=""MWFactionAsset:LyranStrongholds"")",None,None
1528,"(Id="""")",None,None
1529,"(Id=""MWFactionAsset:EmptyWorlds"")",None,None
1530,"(Id="""")",None,None
1532,"(Id="""")",None,None
1533,"(Id=""MWFactionAsset:StoryCluster3"")",None,None
1534,"(Id="""")",None,None
1536,"(Id="""")",None,None
1537,"(Id="""")",None,None
1538,"(Id="""")",None,None
1539,"(Id=""MWFactionAsset:RepairSystem_15"")",/Game/Campaign/CampaignArcs/BorderChanges/_common/FactionBorderMeshes/SafezoneTempFolder/SafezoneCollision/Safezone_14_Blob.Safezone_14_Blob,/Game/Campaign/CampaignArcs/BorderChanges/_common/FactionBorderMeshes/SafezoneTempFolder/Safezone_14.Safezone_14
1540,"(Id="""")",None,None
1541,"(Id="""")",None,None
1542,"(Id=""MWFactionAsset:DutchyOfAndurien"")",None,None
1543,"(Id=""MWFactionAsset:LyranStrongholds"")",None,None
1544,"(Id=""MWFactionAsset:PirateCluster"")",None,None
1545,"(Id=""MWFactionAsset:MarikLiaoBorder"")",None,None
1546,"(Id="""")",None,None
1547,"(Id="""")",None,None
1548,"(Id="""")",None,None
1549,"(Id="""")",None,None
1550,"(Id="""")",None,None
1551,"(Id=""MWFactionAsset:PirateCluster"")",None,None
1552,"(Id=""MWFactionAsset:DutchyOfAndurien"")",None,None
1553,"(Id=""MWFactionAsset:DutchyOfAndurien"")",None,None
1554,"(Id=""MWFactionAsset:DutchyOfAndurien"")",None,None
1555,"(Id="""")",None,None
1556,"(Id="""")",None,None
1557,"(Id="""")",None,None
1558,"(Id="""")",None,None
1559,"(Id="""")",None,None
1560,"(Id="""")",None,None
1561,"(Id="""")",None,None
1562,"(Id=""MWFactionAsset:SteinerBorder"")",None,None
1563,"(Id="""")",None,None
1564,"(Id=""MWFactionAsset:LyranStrongholds"")",None,None
1565,"(Id="""")",None,None
1566,"(Id="""")",None,None
1567,"(Id="""")",None,None
1568,"(Id=""MWFactionAsset:RasalagueReaches"")",None,None
1571,"(Id=""MWFactionAsset:DutchyOfAndurien"")",None,None
1573,"(Id=""MWFactionAsset:RasalagueReaches"")",None,None
1574,"(Id=""MWFactionAsset:DutchyOfAndurien"")",None,None
1576,"(Id=""MWFactionAsset:DutchyOfAndurien"")",/Game/Campaign/CampaignArcs/Regions/8_3/8_3.8_3,None
1577,"(Id="""")",None,None
1578,"(Id="""")",None,None
1579,"(Id=""MWFactionAsset:SteinerBorder"")",None,None
1580,"(Id="""")",None,None
1581,"(Id=""MWFactionAsset:RasalagueReaches"")",None,None
1582,"(Id="""")",None,None
1583,"(Id="""")",None,None
1584,"(Id=""MWFactionAsset:SteinerBorder"")",None,None
1585,"(Id=""MWFactionAsset:RasalagueReaches"")",None,None
1586,"(Id=""MWFactionAsset:RasalagueReaches"")",None,None
1587,"(Id=""MWFactionAsset:RasalagueReaches"")",None,None
1588,"(Id="""")",None,None
1590,"(Id=""MWFactionAsset:DutchyOfAndurien"")",None,None
1591,"(Id="""")",None,None
1592,"(Id=""MWFactionAsset:SteinerBorder"")",None,None
1593,"(Id=""MWFactionAsset:MarikLiaoBorder"")",None,None
1594,"(Id=""MWFactionAsset:SteinerBorder"")",None,None
1595,"(Id="""")",None,None
1597,"(Id=""MWFactionAsset:SteinerBorder"")",None,None
1598,"(Id="""")",None,None
1599,"(Id="""")",None,None
1600,"(Id=""MWFactionAsset:RasalagueReaches"")",/Game/Campaign/CampaignArcs/Regions/EndgameClusters/15_3.15_3,None
1601,"(Id=""MWFactionAsset:MarikLiaoBorder"")",None,None
1602,"(Id=""MWFactionAsset:RasalagueReaches"")",None,None
1603,"(Id="""")",None,None
1604,"(Id=""MWFactionAsset:StoryCluster5"")",None,None
1605,"(Id="""")",None,None
1606,"(Id=""MWFactionAsset:RasalagueReaches"")",None,None
1607,"(Id="""")",None,None
1608,"(Id=""MWFactionAsset:SteinerBorder"")",None,None
1609,"(Id="""")",None,None
1610,"(Id=""MWFactionAsset:StoryCluster5"")",None,None
1611,"(Id="""")",None,None
1612,"(Id="""")",None,None
1613,"(Id="""")",None,None
1614,"(Id="""")",None,None
1615,"(Id="""")",None,None
1616,"(Id=""MWFactionAsset:RasalagueReaches"")",None,None
1617,"(Id="""")",None,None
1618,"(Id="""")",None,None
1619,"(Id="""")",None,None
1621,"(Id="""")",None,None
1622,"(Id=""MWFactionAsset:SteinerBorder"")",None,None
1625,"(Id="""")",None,None
1627,"(Id="""")",None,None
1628,"(Id="""")",None,None
1629,"(Id=""MWFactionAsset:RasalagueReaches"")",None,None
1630,"(Id=""MWFactionAsset:RasalagueReaches"")",None,None
1631,"(Id="""")",None,None
1632,"(Id="""")",None,None
1633,"(Id=""MWFactionAsset:StoryCluster5"")",None,None
1635,"(Id="""")",None,None
1636,"(Id="""")",None,None
1637,"(Id=""MWFactionAsset:RasalagueReaches"")",None,None
1638,"(Id=""MWFactionAsset:SteinerBorder"")",None,None
1639,"(Id=""MWFactionAsset:KuritaBorder"")",None,None
1640,"(Id=""MWFactionAsset:SteinerBorder"")",None,None
1641,"(Id=""MWFactionAsset:LowerClassWorlds"")",None,None
1642,"(Id=""MWFactionAsset:RepairSystem_10"")",None,None
1643,"(Id="""")",None,None
1644,"(Id=""MWFactionAsset:RasalagueReaches"")",None,None
1645,"(Id="""")",None,None
1646,"(Id="""")",None,None
1647,"(Id=""MWFactionAsset:BackwaterRegion"")",None,None
1648,"(Id="""")",None,None
1649,"(Id=""MWFactionAsset:StoryCluster5"")",/Game/Campaign/CampaignArcs/Regions/StoryCluster_05/StoryCluster_5_STM.StoryCluster_5_STM,None
1650,"(Id="""")",None,None
1651,"(Id=""MWFactionAsset:RasalagueReaches"")",None,None
1652,"(Id="""")",None,None
1653,"(Id="""")",None,None
1656,"(Id=""MWFactionAsset:LowerClassWorlds"")",None,None
1657,"(Id="""")",None,None
1658,"(Id="""")",None,None
1659,"(Id=""MWFactionAsset:LowerClassWorlds"")",None,None
1660,"(Id="""")",None,None
1661,"(Id="""")",None,None
1663,"(Id="""")",None,None
1666,"(Id=""MWFactionAsset:RepairSystem_17"")",None,None
1667,"(Id=""MWFactionAsset:RepairSystem_11"")",None,None
1669,"(Id="""")",None,None
1671,"(Id="""")",None,None
1672,"(Id="""")",None,None
1673,"(Id=""MWFactionAsset:RepairSystem_17"")",None,None
1674,"(Id=""MWFactionAsset:BackwaterRegion"")",None,None
1675,"(Id=""MWFactionAsset:RepairSystem_17"")",None,None
1676,"(Id=""MWFactionAsset:SianCommonality"")",None,None
1677,"(Id=""MWFactionAsset:BackwaterRegion"")",None,None
1678,"(Id=""MWFactionAsset:RepairSystem_11"")",None,None
1679,"(Id="""")",None,None
1680,"(Id="""")",None,None
1681,"(Id=""MWFactionAsset:DroughtWorlds"")",None,None
1682,"(Id=""MWFactionAsset:RepairSystem_11"")",/Game/Campaign/CampaignArcs/BorderChanges/_common/FactionBorderMeshes/SafezoneTempFolder/SafezoneCollision/Safezone_10_Blob.Safezone_10_Blob,/Game/Campaign/CampaignArcs/BorderChanges/_common/FactionBorderMeshes/SafezoneTempFolder/Safezone_10.Safezone_10
1683,"(Id="""")",None,None
1684,"(Id="""")",None,None
1685,"(Id="""")",None,None
1686,"(Id=""MWFactionAsset:TsinghaiCommonality"")",None,None
1688,"(Id=""MWFactionAsset:DropshipGraveyard"")",None,None
1689,"(Id=""MWFactionAsset:DroughtWorlds"")",None,None
1690,"(Id=""MWFactionAsset:SianCommonality"")",None,None
1691,"(Id="""")",None,None
1692,"(Id=""MWFactionAsset:SianCommonality"")",None,None
1693,"(Id=""MWFactionAsset:TsinghaiCommonality"")",None,None
1694,"(Id=""MWFactionAsset:DropshipGraveyard"")",/Game/Campaign/CampaignArcs/Regions/13_3/13_3.13_3,None
1695,"(Id=""MWFactionAsset:DropshipGraveyard"")",None,None
1696,"(Id="""")",None,None
1697,"(Id="""")",None,None
1698,"(Id=""MWFactionAsset:LowerClassWorlds"")",None,None
1699,"(Id=""MWFactionAsset:LowerClassWorlds"")",None,None
1700,"(Id="""")",None,None
1702,"(Id=""MWFactionAsset:TsinghaiCommonality"")",None,None
1703,"(Id=""MWFactionAsset:BackwaterRegion"")",/Game/Campaign/CampaignArcs/Regions/8_4/8_4.8_4,None
1705,"(Id=""MWFactionAsset:SianCommonality"")",None,None
1706,"(Id=""MWFactionAsset:DropshipGraveyard"")",None,None
1707,"(Id="""")",None,None
1708,"(Id=""MWFactionAsset:BackwaterRegion"")",None,None
1710,"(Id=""MWFactionAsset:SianCommonality"")",None,None
1711,"(Id=""MWFactionAsset:LowerClassWorlds"")",/Game/Campaign/CampaignArcs/Regions/12_2/12_2.12_2,None
1712,"(Id=""MWFactionAsset:SianCommonality"")",/Game/Campaign/CampaignArcs/Regions/8_1/8_1.8_1,None
1713,"(Id=""MWFactionAsset:DroughtWorlds"")",None,None
1714,"(Id="""")",None,None
1716,"(Id=""MWFactionAsset:SianCommonality"")",None,None
1717,"(Id=""MWFactionAsset:SianCommonality"")",None,None
1718,"(Id="""")",None,None
1720,"(Id=""MWFactionAsset:LowerClassWorlds"")",None,None
1721,"(Id="""")",None,None
1722,"(Id="""")",None,None
1723,"(Id=""MWFactionAsset:BackwaterRegion"")",None,None
1724,"(Id=""MWFactionAsset:DropshipGraveyard"")",None,None
1725,"(Id=""MWFactionAsset:TsinghaiCommonality"")",None,None
1726,"(Id="""")",None,None
1727,"(Id=""MWFactionAsset:SianCommonality"")",None,None
1728,"(Id="""")",None,None
1729,"(Id=""MWFactionAsset:DroughtWorlds"")",None,None
1730,"(Id=""MWFactionAsset:LowerClassWorlds"")",None,None
1731,"(Id=""MWFactionAsset:DroughtWorlds"")",None,None
1732,"(Id="""")",None,None
1733,"(Id=""MWFactionAsset:DroughtWorlds"")",None,None
1735,"(Id=""MWFactionAsset:LowerClassWorlds"")",None,None
1736,"(Id="""")",None,None
1737,"(Id=""MWFactionAsset:BackwaterRegion"")",None,None
1738,"(Id="""")",None,None
1739,"(Id="""")",None,None
1740,"(Id=""MWFactionAsset:LowerClassWorlds"")",None,None
1741,"(Id=""MWFactionAsset:LowerClassWorlds"")",None,None
1742,"(Id=""MWFactionAsset:LowerClassWorlds"")",None,None
1743,"(Id="""")",None,None
1744,"(Id="""")",None,None
1745,"(Id="""")",None,None
1747,"(Id=""MWFactionAsset:BackwaterRegion"")",None,None
1748,"(Id="""")",None,None
1749,"(Id="""")",None,None
1750,"(Id="""")",None,None
1751,"(Id="""")",None,None
1752,"(Id="""")",None,None
1753,"(Id=""MWFactionAsset:TsinghaiCommonality"")",None,None
1754,"(Id=""MWFactionAsset:DropshipGraveyard"")",None,None
1755,"(Id="""")",None,None
1756,"(Id="""")",None,None
1757,"(Id=""MWFactionAsset:LowerClassWorlds"")",None,None
1758,"(Id="""")",None,None
1759,"(Id="""")",None,None
1760,"(Id="""")",None,None
1761,"(Id=""MWFactionAsset:BackwaterRegion"")",None,None
1762,"(Id="""")",None,None
1763,"(Id="""")",None,None
1764,"(Id=""MWFactionAsset:DroughtWorlds"")",None,None
1765,"(Id="""")",None,None
1766,"(Id="""")",None,None
1767,"(Id="""")",None,None
1768,"(Id=""MWFactionAsset:BackwaterRegion"")",None,None
1769,"(Id=""MWFactionAsset:DavionBorder"")",None,None
1771,"(Id=""MWFactionAsset:BackwaterRegion"")",None,None
1772,"(Id="""")",None,None
1773,"(Id="""")",None,None
1774,"(Id="""")",None,None
1775,"(Id="""")",None,None
1776,"(Id=""MWFactionAsset:DroughtWorlds"")",/Game/Campaign/CampaignArcs/Regions/13_2/13_2.13_2,None
1777,"(Id=""MWFactionAsset:A2M1_Cluster"")",None,None
1779,"(Id="""")",None,None
1780,"(Id="""")",None,None
1781,"(Id="""")",None,None
1782,"(Id="""")",None,None
1783,"(Id="""")",None,None
1784,"(Id="""")",None,None
1785,"(Id="""")",None,None
1787,"(Id="""")",None,None
1788,"(Id="""")",None,None
1789,"(Id="""")",None,None
1790,"(Id=""MWFactionAsset:DavionBorder"")",None,None
1791,"(Id="""")",None,None
1792,"(Id="""")",None,None
1793,"(Id="""")",None,None
1794,"(Id=""MWFactionAsset:TaurianCorridor"")",None,None
1796,"(Id="""")",None,None
1797,"(Id=""MWFactionAsset:DroughtWorlds"")",None,None
1798,"(Id="""")",None,None
1799,"(Id=""MWFactionAsset:DavionBorder"")",None,None
1800,"(Id="""")",None,None
1801,"(Id=""MWFactionAsset:DavionBorder"")",None,None
1802,"(Id="""")",None,None
1803,"(Id=""MWFactionAsset:RashpurOwensInc"")",/Game/Campaign/CampaignArcs/Regions/7_1/7_1_Mesh.7_1_Mesh,None
1804,"(Id="""")",None,None
1806,"(Id=""MWFactionAsset:DavionBorder"")",None,None
1807,"(Id=""MWFactionAsset:DavionBorder"")",None,None
1809,"(Id=""MWFactionAsset:RepairSystem_18"")",None,None
1810,"(Id=""MWFactionAsset:DroughtWorlds"")",None,None
1811,"(Id=""MWFactionAsset:DroughtWorlds"")",None,None
1812,"(Id="""")",None,None
1813,"(Id="""")",None,None
1814,"(Id=""MWFactionAsset:DroughtWorlds"")",None,None
1815,"(Id=""MWFactionAsset:DavionBorder"")",None,None
1818,"(Id="""")",None,None
1819,"(Id=""MWFactionAsset:RepairSystem_23"")",None,None
1820,"(Id="""")",None,None
1821,"(Id=""MWFactionAsset:DavionBorder"")",None,None
1823,"(Id=""MWFactionAsset:TaurianCorridor"")",None,None
1824,"(Id="""")",None,None
1825,"(Id="""")",None,None
1826,"(Id="""")",None,None
1827,"(Id=""MWFactionAsset:TaurianCorridor"")",None,None
1828,"(Id=""MWFactionAsset:DavionBorder"")",None,None
1829,"(Id=""MWFactionAsset:DavionBorder"")",None,None
1830,"(Id=""MWFactionAsset:KuritanBadlands"")",None,None
1831,"(Id=""MWFactionAsset:RashpurOwensInc"")",None,None
1832,"(Id="""")",None,None
1833,"(Id=""MWFactionAsset:DroughtWorlds"")",None,None
1834,"(Id=""MWFactionAsset:RashpurOwensInc"")",None,None
1835,"(Id="""")",None,None
1836,"(Id="""")",None,None
1837,"(Id=""MWFactionAsset:DavionBorder"")",None,None
1839,"(Id="""")",None,None
1840,"(Id=""MWFactionAsset:RepairSystem_23"")",None,None
1841,"(Id=""MWFactionAsset:ShippingRoute"")",None,None
1842,"(Id=""MWFactionAsset:RepairSystem_9"")",None,None
1844,"(Id="""")",None,None
1845,"(Id="""")",None,None
1846,"(Id=""MWFactionAsset:TaurianCorridor"")",None,None
1847,"(Id=""MWFactionAsset:KuritanBadlands"")",None,None
1848,"(Id="""")",None,None
1849,"(Id=""MWFactionAsset:DavionBorder"")",None,None
1850,"(Id="""")",None,None
1851,"(Id="""")",None,None
1852,"(Id=""MWFactionAsset:KuritaDavion"")",None,None
1853,"(Id=""MWFactionAsset:KuritanBadlands"")",None,None
1854,"(Id="""")",None,None
1855,"(Id="""")",None,None
1856,"(Id=""MWFactionAsset:RepairSystem_7"")",None,None
1857,"(Id="""")",None,None
1858,"(Id=""MWFactionAsset:StoryCluster6"")",None,None
1859,"(Id="""")",None,None
1860,"(Id="""")",None,None
1861,"(Id="""")",None,None
1862,"(Id="""")",None,None
1863,"(Id="""")",None,None
1864,"(Id=""MWFactionAsset:DavionBorder"")",None,None
1865,"(Id=""MWFactionAsset:StoryCluster6"")",/Game/Campaign/CampaignArcs/Regions/StoryCluster_06/StoryCluster_6_STM.StoryCluster_6_STM,None
1866,"(Id=""MWFactionAsset:TaurianCorridor"")",None,None
1867,"(Id="""")",None,None
1868,"(Id=""MWFactionAsset:ShippingRoute"")",None,None
1869,"(Id=""MWFactionAsset:RepairSystem_4"")",None,None
1870,"(Id=""MWFactionAsset:KuritanBadlands"")",/Game/Campaign/CampaignArcs/Regions/13_1/13_1.13_1,None
1871,"(Id="""")",None,None
1872,"(Id="""")",None,None
1873,"(Id="""")",None,None
1874,"(Id="""")",None,None
1875,"(Id="""")",None,None
1876,"(Id="""")",None,None
1877,"(Id=""MWFactionAsset:TaurianCorridor"")",None,None
1878,"(Id=""MWFactionAsset:KuritanBadlands"")",None,None
1879,"(Id="""")",None,None
1880,"(Id=""MWFactionAsset:ShippingRoute"")",None,None
1881,"(Id=""MWFactionAsset:TaurianCorridor"")",None,None
1882,"(Id=""MWFactionAsset:StoryCluster2"")",None,None
1883,"(Id="""")",None,None
1884,"(Id=""MWFactionAsset:TaurianCorridor"")",None,None
1885,"(Id=""MWFactionAsset:TaurianCorridor"")",None,None
1886,"(Id="""")",None,None
1887,"(Id="""")",None,None
1888,"(Id="""")",None,None
1889,"(Id=""MWFactionAsset:KuritanBadlands"")",None,None
1890,"(Id="""")",None,None
1891,"(Id=""MWFactionAsset:IndustrialMiningCompany"")",None,None
1892,"(Id="""")",None,None
1893,"(Id="""")",None,None
1894,"(Id=""MWFactionAsset:StoryCluster7"")",None,None
1895,"(Id=""MWFactionAsset:IndustrialMiningCompany"")",None,None
1897,"(Id="""")",None,None
1898,"(Id="""")",None,None
1899,"(Id="""")",None,None
1900,"(Id="""")",None,None
1901,"(Id="""")",None,None
1902,"(Id="""")",None,None
1903,"(Id=""MWFactionAsset:StoryCluster7"")",None,None
1904,"(Id=""MWFactionAsset:DavionKurita_1"")",None,None
1905,"(Id="""")",None,None
1906,"(Id=""MWFactionAsset:TaurianCorridor"")",None,None
1907,"(Id=""MWFactionAsset:RepairSystem_19"")",None,None
1908,"(Id="""")",None,None
1909,"(Id=""MWFactionAsset:RepairSystem_19"")",None,None
1910,"(Id="""")",None,None
1911,"(Id=""MWFactionAsset:TaurianCorridor"")",None,None
1912,"(Id=""MWFactionAsset:StoryCluster7"")",/Game/Campaign/CampaignArcs/Regions/StoryCluster_07/StoryCluster_7_STM.StoryCluster_7_STM,None
1913,"(Id="""")",None,None
1914,"(Id="""")",None,None
1915,"(Id="""")",None,None
1916,"(Id=""MWFactionAsset:KuritanBadlands"")",None,None
1917,"(Id=""MWFactionAsset:DavionKurita_1"")",None,None
1918,"(Id="""")",None,None
1920,"(Id=""MWFactionAsset:RepairSystem_19"")",/Game/Campaign/CampaignArcs/BorderChanges/_common/FactionBorderMeshes/SafezoneTempFolder/SafezoneCollision/Safezone_18_Blob.Safezone_18_Blob,/Game/Campaign/CampaignArcs/BorderChanges/_common/FactionBorderMeshes/SafezoneTempFolder/Safezone_18.Safezone_18
1921,"(Id="""")",None,None
1922,"(Id=""MWFactionAsset:RepairSystem_20"")",None,None
1923,"(Id="""")",None,None
1924,"(Id=""MWFactionAsset:RepairSystem_19"")",None,None
1925,"(Id="""")",None,None
1926,"(Id=""MWFactionAsset:IndustrialMiningCompany"")",None,None
1927,"(Id=""MWFactionAsset:DavionKurita_1"")",None,None
1928,"(Id=""MWFactionAsset:StoryCluster10"")",None,None
1929,"(Id="""")",None,None
1930,"(Id=""MWFactionAsset:RepairSystem_20"")",None,None
1932,"(Id=""MWFactionAsset:DavionKurita_1"")",None,None
1933,"(Id=""MWFactionAsset:RepairSystem_19"")",None,None
1934,"(Id=""MWFactionAsset:IndustrialMiningCompany"")",None,None
1935,"(Id=""MWFactionAsset:DavionKurita_1"")",None,None
1936,"(Id=""MWFactionAsset:TaurianCorridor"")",None,None
1937,"(Id=""MWFactionAsset:RepairSystem_29"")",None,None
1938,"(Id=""MWFactionAsset:RepairSystem_3"")",None,None
1940,"(Id="""")",None,None
1941,"(Id="""")",None,None
1942,"(Id=""MWFactionAsset:TaurianCorridor"")",None,None
1943,"(Id="""")",None,None
1944,"(Id="""")",None,None
1945,"(Id="""")",None,None
1946,"(Id=""MWFactionAsset:IndustrialMiningCompany"")",None,None
1947,"(Id="""")",None,None
1948,"(Id="""")",None,None
1949,"(Id="""")",None,None
1950,"(Id="""")",None,None
1951,"(Id="""")",None,None
1952,"(Id="""")",None,None
1953,"(Id=""MWFactionAsset:RepairSystem_29"")",None,None
1954,"(Id="""")",None,None
1955,"(Id="""")",None,None
1956,"(Id="""")",None,None
1957,"(Id="""")",None,None
1958,"(Id="""")",None,None
1959,"(Id="""")",None,None
1960,"(Id="""")",None,None
1962,"(Id=""MWFactionAsset:RepairSystem_20"")",None,None
1963,"(Id="""")",None,None
1964,"(Id="""")",None,None
1965,"(Id="""")",None,None
1966,"(Id=""MWFactionAsset:RepairSystem_3"")",None,None
1967,"(Id="""")",None,None
1968,"(Id="""")",None,None
1969,"(Id="""")",None,None
1970,"(Id="""")",None,None
1971,"(Id="""")",None,None
1972,"(Id="""")",None,None
1973,"(Id=""MWFactionAsset:RepairSystem_29"")",/Game/Campaign/CampaignArcs/Regions/EndgameClusters/29_Collision.29_Collision,/Game/Campaign/CampaignArcs/Regions/EndgameClusters/Safezone_29.Safezone_29
1974,"(Id=""MWFactionAsset:RepairSystem_20"")",None,None
1975,"(Id="""")",None,None
1976,"(Id="""")",None,None
1977,"(Id=""MWFactionAsset:RepairSystem_20"")",None,None
1978,"(Id="""")",None,None
1979,"(Id="""")",None,None
1980,"(Id="""")",None,None
1981,"(Id="""")",None,None
1982,"(Id="""")",None,None
1983,"(Id="""")",None,None
1984,"(Id="""")",None,None
1985,"(Id=""MWFactionAsset:InfernosWake"")",None,None
1986,"(Id=""MWFactionAsset:RepairSystem_20"")",None,None
1987,"(Id=""MWFactionAsset:DavionKurita_1"")",None,None
1988,"(Id="""")",None,None
1989,"(Id="""")",None,None
1990,"(Id=""MWFactionAsset:DavionKurita_1"")",None,None
1991,"(Id="""")",None,None
1993,"(Id="""")",None,None
1994,"(Id="""")",None,None
1995,"(Id=""MWFactionAsset:RepairSystem_29"")",None,None
1996,"(Id=""MWFactionAsset:TaurianCorridor"")",None,None
1997,"(Id=""MWFactionAsset:InfernosWake"")",None,None
1998,"(Id="""")",None,None
1999,"(Id=""MWFactionAsset:RepairSystem_25"")",/Game/Campaign/CampaignArcs/BorderChanges/_common/FactionBorderMeshes/SafezoneTempFolder/SafezoneSection2/SafezoneCollision/Safezone6_Collision.Safezone6_Collision,/Game/Campaign/CampaignArcs/BorderChanges/_common/FactionBorderMeshes/SafezoneTempFolder/SafezoneSection2/Safezone6.Safezone6
2000,"(Id="""")",None,None
2001,"(Id="""")",None,None
2002,"(Id="""")",None,None
2003,"(Id="""")",None,None
2004,"(Id=""MWFactionAsset:TaurianCorridor"")",None,None
2005,"(Id="""")",None,None
2006,"(Id="""")",None,None
2007,"(Id=""MWFactionAsset:RepairSystem_25"")",None,None
2008,"(Id="""")",None,None
2009,"(Id=""MWFactionAsset:RepairSystem_6"")",/Game/Campaign/CampaignArcs/BorderChanges/_common/FactionBorderMeshes/SafezoneTempFolder/SafezoneCollision/Safezone_3_Blob.Safezone_3_Blob,/Game/Campaign/CampaignArcs/BorderChanges/_common/FactionBorderMeshes/SafezoneTempFolder/Safezone_3.Safezone_3
2010,"(Id="""")",None,None
2011,"(Id=""MWFactionAsset:TaurianCorridor"")",None,None
2012,"(Id="""")",None,None
2013,"(Id=""MWFactionAsset:InfernosWake"")",None,None
2014,"(Id="""")",None,None
2015,"(Id="""")",None,None
2016,"(Id="""")",None,None
2017,"(Id=""MWFactionAsset:RepairSystem_6"")",None,None
2018,"(Id=""MWFactionAsset:RepairSystem_25"")",None,None
2019,"(Id=""MWFactionAsset:RepairSystem_25"")",None,None
2020,"(Id="""")",None,None
2021,"(Id=""MWFactionAsset:InfernosWake"")",None,None
2022,"(Id="""")",None,None
2023,"(Id="""")",None,None
2024,"(Id="""")",None,None
2025,"(Id="""")",None,None
2026,"(Id=""MWFactionAsset:InfernosWake"")",/Game/Campaign/CampaignArcs/Regions/4_1/4_1_Mesh.4_1_Mesh,None
2027,"(Id="""")",None,None
2028,"(Id="""")",None,None
2029,"(Id=""MWFactionAsset:RepairSystem_6"")",None,None
2030,"(Id="""")",None,None
2031,"(Id="""")",None,None
2032,"(Id="""")",None,None
2033,"(Id="""")",None,None
2034,"(Id="""")",None,None
2035,"(Id="""")",None,None
2036,"(Id=""MWFactionAsset:InfernosWake"")",None,None
2037,"(Id="""")",None,None
2038,"(Id="""")",None,None
2039,"(Id=""MWFactionAsset:RepairSystem_30"")",None,None
2040,"(Id="""")",None,None
2041,"(Id="""")",None,None
2042,"(Id="""")",None,None
2043,"(Id=""MWFactionAsset:InfernosWake"")",None,None
2044,"(Id="""")",None,None
2045,"(Id="""")",None,None
2046,"(Id="""")",None,None
2047,"(Id="""")",None,None
2048,"(Id="""")",None,None
2049,"(Id=""MWFactionAsset:OutworldsBorder"")",None,None
2050,"(Id="""")",None,None
2051,"(Id=""MWFactionAsset:OutworldsBorder"")",None,None
2052,"(Id="""")",None,None
2053,"(Id="""")",None,None
2054,"(Id="""")",None,None
2055,"(Id=""MWFactionAsset:OutworldsBorder"")",None,None
2056,"(Id="""")",None,None
2057,"(Id=""MWFactionAsset:MercenaryRow"")",None,None
2058,"(Id="""")",None,None
2059,"(Id="""")",None,None
2060,"(Id="""")",None,None
2061,"(Id=""MWFactionAsset:OutworldsBorder"")",None,None
2062,"(Id="""")",None,None
2063,"(Id="""")",None,None
2064,"(Id=""MWFactionAsset:RepairSystem_2"")",None,None
2065,"(Id=""MWFactionAsset:MercenaryRow"")",None,None
2066,"(Id=""MWFactionAsset:MercenaryRow"")",None,None
2067,"(Id="""")",None,None
2068,"(Id="""")",None,None
2069,"(Id="""")",None,None
2070,"(Id="""")",None,None
2071,"(Id="""")",None,None
2073,"(Id=""MWFactionAsset:MercenaryRow"")",None,None
2074,"(Id="""")",None,None
2075,"(Id="""")",None,None
2077,"(Id=""MWFactionAsset:RepairSystem_2"")",/Game/Campaign/CampaignArcs/BorderChanges/_common/FactionBorderMeshes/SafezoneTempFolder/SafezoneCollision/Safezone_2_Blob.Safezone_2_Blob,/Game/Campaign/CampaignArcs/BorderChanges/_common/FactionBorderMeshes/SafezoneTempFolder/Safezone_2.Safezone_2
2078,"(Id=""MWFactionAsset:MercenaryRow"")",None,None
2079,"(Id=""MWFactionAsset:MercenaryRow"")",/Game/Campaign/CampaignArcs/Regions/3_1/3_1_Mesh.3_1_Mesh,None
2080,"(Id="""")",None,None
2081,"(Id="""")",None,None
2082,"(Id=""MWFactionAsset:OutworldsBorder"")",None,None
2083,"(Id="""")",None,None
2084,"(Id="""")",None,None
2085,"(Id="""")",None,None
2086,"(Id="""")",None,None
2087,"(Id="""")",None,None
2088,"(Id="""")",None,None
2089,"(Id=""MWFactionAsset:RepairSystem_2"")",None,None
2090,"(Id="""")",None,None
2091,"(Id="""")",None,None
2092,"(Id=""MWFactionAsset:OutworldsBorder"")",None,None
2093,"(Id="""")",None,None
2094,"(Id=""MWFactionAsset:MercenaryRow"")",None,None
2095,"(Id="""")",None,None
2096,"(Id=""MWFactionAsset:OutworldsBorder"")",None,None
2097,"(Id="""")",None,None
2098,"(Id=""MWFactionAsset:RepairSystem_2"")",None,None
2100,"(Id=""MWFactionAsset:RepairSystem_2"")",None,None
2101,"(Id="""")",None,None
2102,"(Id="""")",None,None
2103,"(Id=""MWFactionAsset:OutworldsBorder"")",None,None
2104,"(Id=""MWFactionAsset:OutworldsBorder"")",None,None
2105,"(Id=""MWFactionAsset:MercenaryRow"")",None,None
2106,"(Id="""")",None,None
2107,"(Id=""MWFactionAsset:OutworldsBorder"")",None,None
2108,"(Id=""MWFactionAsset:OutworldsBorder"")",None,None
2109,"(Id="""")",None,None
2110,"(Id=""MWFactionAsset:MercenaryRow"")",None,None
2111,"(Id="""")",None,None
2112,"(Id="""")",None,None
2113,"(Id="""")",None,None
2114,"(Id="""")",None,None
2115,"(Id="""")",None,None
2116,"(Id="""")",None,None
2117,"(Id=""MWFactionAsset:MercenaryRow"")",None,None
2118,"(Id=""MWFactionAsset:OutworldsBorder"")",None,None
2119,"(Id="""")",None,None
2120,"(Id=""MWFactionAsset:OutworldsBorder"")",None,None
2121,"(Id="""")",None,None
2122,"(Id=""MWFactionAsset:OutworldsBorder"")",None,None
2123,"(Id="""")",None,None
2124,"(Id="""")",None,None
2125,"(Id="""")",None,None
2126,"(Id="""")",None,None
2127,"(Id="""")",None,None
2128,"(Id="""")",None,None
2129,"(Id="""")",None,None
2130,"(Id="""")",None,None
2131,"(Id=""MWFactionAsset:RepairSystem_1"")",None,None
2132,"(Id="""")",None,None
2133,"(Id="""")",None,None
2134,"(Id="""")",None,None
2135,"(Id="""")",None,None
2136,"(Id="""")",None,None
2137,"(Id="""")",None,None
2138,"(Id="""")",None,None
2139,"(Id="""")",None,None
2140,"(Id="""")",None,None
2141,"(Id="""")",None,None
2142,"(Id="""")",None,None
2143,"(Id=""MWFactionAsset:RepairSystem_1"")",None,None
2144,"(Id="""")",None,None
2145,"(Id=""MWFactionAsset:RepairSystem_1"")",None,None
2146,"(Id="""")",None,None
2147,"(Id="""")",None,None
2148,"(Id="""")",None,None
2149,"(Id="""")",None,None
2150,"(Id="""")",None,None
2151,"(Id="""")",None,None
2152,"(Id="""")",None,None
2153,"(Id="""")",None,None
2154,"(Id="""")",None,None
2155,"(Id="""")",None,None
2156,"(Id="""")",None,None
2157,"(Id="""")",None,None
2158,"(Id="""")",None,None
2159,"(Id="""")",None,None
2160,"(Id="""")",None,None
2161,"(Id="""")",None,None
2162,"(Id="""")",None,None
2163,"(Id="""")",None,None
2164,"(Id="""")",None,None
2165,"(Id="""")",None,None
2166,"(Id="""")",None,None
2167,"(Id="""")",None,None
2168,"(Id="""")",None,None
2169,"(Id="""")",None,None
2170,"(Id="""")",None,None
2171,"(Id="""")",None,None
2172,"(Id="""")",None,None
2173,"(Id="""")",None,None
2174,"(Id="""")",None,None
2175,"(Id="""")",None,None
2176,"(Id="""")",None,None
2177,"(Id="""")",None,None
2178,"(Id="""")",None,None
2179,"(Id="""")",None,None
2180,"(Id="""")",None,None
2181,"(Id="""")",None,None
2182,"(Id="""")",None,None
2183,"(Id="""")",None,None
2184,"(Id="""")",None,None
2185,"(Id="""")",None,None
2186,"(Id="""")",None,None
2187,"(Id="""")",None,None
2188,"(Id="""")",None,None
2189,"(Id="""")",None,None
2190,"(Id="""")",None,None
2191,"(Id="""")",None,None
2192,"(Id="""")",None,None
2193,"(Id="""")",None,None
2194,"(Id="""")",None,None
2195,"(Id="""")",None,None
2196,"(Id="""")",None,None
2197,"(Id="""")",None,None
2198,"(Id="""")",None,None
2199,"(Id="""")",None,None
2200,"(Id="""")",None,None
2201,"(Id="""")",None,None
2202,"(Id="""")",None,None
2203,"(Id="""")",None,None
2204,"(Id="""")",None,None
2205,"(Id="""")",None,None
2206,"(Id="""")",None,None
2207,"(Id="""")",None,None
2209,"(Id="""")",None,None
2210,"(Id="""")",None,None
2211,"(Id="""")",None,None
2212,"(Id="""")",None,None
2213,"(Id="""")",None,None
2214,"(Id="""")",None,None
2215,"(Id="""")",None,None
2217,"(Id="""")",None,None
2218,"(Id="""")",None,None
2219,"(Id="""")",None,None
2220,"(Id="""")",None,None
2221,"(Id="""")",None,None
2223,"(Id="""")",None,None
2225,"(Id="""")",None,None
2226,"(Id="""")",None,None
2227,"(Id="""")",None,None
2228,"(Id="""")",None,None
2229,"(Id="""")",None,None
2230,"(Id="""")",None,None
2231,"(Id="""")",None,None
2232,"(Id="""")",None,None
3450,"(Id="""")",None,None
3451,"(Id="""")",None,None
3452,"(Id="""")",None,None
3453,"(Id="""")",None,None
3454,"(Id="""")",None,None
3455,"(Id="""")",None,None
3456,"(Id="""")",None,None
3457,"(Id="""")",None,None
3458,"(Id="""")",None,None
3459,"(Id="""")",None,None
3460,"(Id="""")",None,None
3461,"(Id="""")",None,None
3462,"(Id="""")",None,None
3463,"(Id="""")",None,None
3464,"(Id="""")",None,None
3465,"(Id="""")",None,None
3466,"(Id="""")",None,None
3467,"(Id="""")",None,None
3468,"(Id="""")",None,None
3469,"(Id="""")",None,None
3470,"(Id="""")",None,None
3471,"(Id="""")",None,None
3472,"(Id="""")",None,None
3473,"(Id="""")",None,None
3474,"(Id="""")",None,None
3475,"(Id="""")",None,None
3476,"(Id="""")",None,None
3477,"(Id="""")",None,None
3478,"(Id="""")",None,None
3479,"(Id="""")",None,None
3480,"(Id="""")",None,None
3481,"(Id="""")",None,None
3482,"(Id="""")",None,None
3483,"(Id="""")",None,None
3484,"(Id="""")",None,None
3485,"(Id="""")",None,None
3486,"(Id="""")",None,None
3487,"(Id="""")",None,None
3488,"(Id="""")",None,None
3489,"(Id="""")",None,None
3490,"(Id="""")",None,None
3491,"(Id="""")",None,None
3492,"(Id=""MWFactionAsset:AlarionPeriphery"")",None,None
3493,"(Id=""MWFactionAsset:AlarionPeriphery"")",None,None
3494,"(Id=""MWFactionAsset:AlarionPeriphery"")",None,None
3495,"(Id="""")",None,None
3496,"(Id="""")",None,None
3497,"(Id="""")",None,None
3498,"(Id="""")",None,None
3499,"(Id="""")",None,None
3500,"(Id="""")",None,None
3501,"(Id="""")",None,None
